Transmitted Time,Latitude,Longitude,Altitude,Satellites,Direction
29/07/2025 06:06:36,17.726395,78.256775,549.40,12,0.00
29/07/2025 06:06:40,17.726397,78.256775,549.60,12,0.00
29/07/2025 06:06:43,17.726406,78.256775,550.10,12,357.96
29/07/2025 06:06:46,17.726450,78.256767,551.20,12,347.80
29/07/2025 06:06:49,17.726522,78.256760,552.30,12,345.32
29/07/2025 06:06:52,17.726578,78.256752,551.90,12,357.45
29/07/2025 06:06:55,17.726612,78.256752,550.50,12,0.01
29/07/2025 06:06:58,17.726702,78.256752,548.70,12,359.63
29/07/2025 06:07:01,17.726809,78.256767,546.90,12,12.77
29/07/2025 06:07:04,17.726875,78.256836,547.20,12,29.97
29/07/2025 06:07:08,17.726908,78.256996,547.20,12,81.68
29/07/2025 06:07:11,17.726919,78.257133,544.80,12,84.03
29/07/2025 06:07:14,17.726927,78.257278,542.20,12,85.24
29/07/2025 06:07:17,17.726938,78.257431,538.30,12,86.22
29/07/2025 06:07:20,17.726950,78.257591,538.00,12,87.64
29/07/2025 06:07:23,17.726957,78.257767,540.40,12,87.91
29/07/2025 06:07:26,17.726969,78.257935,539.60,12,86.18
29/07/2025 06:07:29,17.726984,78.258125,539.10,12,83.79
29/07/2025 06:07:33,17.726992,78.258339,540.00,12,93.71
29/07/2025 06:07:36,17.726969,78.258415,540.80,12,123.20
29/07/2025 06:07:39,17.726917,78.258438,540.90,12,160.44
29/07/2025 06:07:42,17.726881,78.258438,541.90,12,179.27
29/07/2025 06:07:45,17.726778,78.258446,540.30,12,173.31
29/07/2025 06:07:48,17.726625,78.258453,538.30,12,181.75
29/07/2025 06:07:51,17.726437,78.258469,536.60,12,174.45
29/07/2025 06:07:54,17.726217,78.258484,536.90,12,175.17
29/07/2025 06:07:57,17.725983,78.258514,536.40,12,175.78
29/07/2025 06:08:01,17.725693,78.258530,538.00,12,176.80
29/07/2025 06:08:04,17.725481,78.258537,540.20,12,179.24
29/07/2025 06:08:07,17.725294,78.258537,539.60,12,180.28
29/07/2025 06:08:10,17.725168,78.258514,540.80,12,206.54
29/07/2025 06:08:13,17.725115,78.258446,541.00,12,238.68
29/07/2025 06:08:16,17.725098,78.258408,541.00,12,250.47
29/07/2025 06:08:19,17.725080,78.258293,539.80,12,266.38
29/07/2025 06:08:22,17.725056,78.258141,538.90,10,266.95
29/07/2025 06:08:25,17.725042,78.257957,538.10,12,266.67
29/07/2025 06:08:29,17.725012,78.257683,535.70,12,260.85
29/07/2025 06:08:32,17.725004,78.257462,532.30,12,270.32
29/07/2025 06:08:35,17.725006,78.257217,532.50,11,268.44
29/07/2025 06:08:38,17.724995,78.256981,531.40,12,266.47
29/07/2025 06:08:41,17.724993,78.256775,530.90,12,270.46
29/07/2025 06:08:44,17.724998,78.256622,529.60,12,270.22
29/07/2025 06:08:47,17.724970,78.256546,527.90,12,240.15
29/07/2025 06:08:50,17.724926,78.256516,528.50,12,204.66
29/07/2025 06:08:53,17.724812,78.256500,530.10,12,188.63
29/07/2025 06:08:57,17.724653,78.256493,529.30,12,179.42
29/07/2025 06:09:00,17.724586,78.256454,528.00,12,205.63
29/07/2025 06:09:03,17.724566,78.256393,531.40,12,269.40
29/07/2025 06:09:06,17.724546,78.256264,534.80,12,272.54
29/07/2025 06:09:09,17.724533,78.256104,537.00,12,272.51
29/07/2025 06:09:12,17.724527,78.255997,536.50,12,270.56
29/07/2025 06:09:15,17.724533,78.255890,535.30,12,279.31
29/07/2025 06:09:18,17.724537,78.255791,534.60,12,266.21
29/07/2025 06:09:22,17.724518,78.255676,531.20,12,255.85
29/07/2025 06:09:25,17.724449,78.255630,530.40,12,203.33
29/07/2025 06:09:28,17.724356,78.255623,526.90,12,184.03
29/07/2025 06:09:31,17.724293,78.255600,527.50,12,195.78
29/07/2025 06:09:34,17.724266,78.255569,532.20,12,230.30
29/07/2025 06:09:37,17.724258,78.255486,528.40,12,273.40
29/07/2025 06:09:40,17.724247,78.255379,527.80,12,275.28
29/07/2025 06:09:43,17.724249,78.255257,523.00,12,271.56
29/07/2025 06:09:46,17.724241,78.255096,518.40,12,260.94
29/07/2025 06:09:50,17.724236,78.254883,521.30,12,273.18
29/07/2025 06:09:53,17.724260,78.254692,519.60,12,274.98
29/07/2025 06:09:56,17.724260,78.254593,518.90,12,269.35
29/07/2025 06:09:59,17.724257,78.254517,518.30,12,271.51
29/07/2025 06:10:02,17.724257,78.254387,520.50,12,271.85
29/07/2025 06:10:05,17.724260,78.254257,519.60,12,273.77
29/07/2025 06:10:08,17.724251,78.254166,528.40,12,269.77
29/07/2025 06:10:11,17.724274,78.254097,527.50,12,310.01
29/07/2025 06:10:14,17.724285,78.254059,528.80,12,307.42
29/07/2025 06:10:18,17.724302,78.254021,530.40,12,303.77
29/07/2025 06:10:21,17.724361,78.253998,533.70,12,356.92
29/07/2025 06:10:24,17.724434,78.253983,537.00,11,0.11
29/07/2025 06:10:27,17.724474,78.253975,538.00,11,2.30
29/07/2025 06:10:30,17.724535,78.253967,539.30,11,1.32
29/07/2025 06:10:33,17.724634,78.253952,538.80,11,355.18
29/07/2025 06:10:36,17.724752,78.253929,538.50,12,354.00
29/07/2025 06:10:39,17.724874,78.253922,536.10,12,357.25
29/07/2025 06:10:42,17.724962,78.253929,534.80,12,4.18
29/07/2025 06:10:46,17.725021,78.253998,534.40,12,76.29
29/07/2025 06:10:49,17.725016,78.254089,535.80,12,96.35
29/07/2025 06:10:52,17.725016,78.254234,537.30,12,93.69
29/07/2025 06:10:55,17.725021,78.254372,538.70,12,92.40
29/07/2025 06:10:58,17.725025,78.254494,538.80,12,85.59
29/07/2025 06:11:01,17.725080,78.254631,537.40,12,38.27
29/07/2025 06:11:04,17.725224,78.254662,537.10,12,357.14
29/07/2025 06:11:07,17.725393,78.254662,535.40,12,356.32
29/07/2025 06:11:11,17.725658,78.254669,535.30,12,358.27
29/07/2025 06:11:14,17.725838,78.254662,534.90,12,357.28
29/07/2025 06:11:17,17.725950,78.254669,533.50,12,359.96
29/07/2025 06:11:20,17.725994,78.254662,532.80,12,359.21
29/07/2025 06:11:23,17.726067,78.254669,533.30,12,359.75
29/07/2025 06:11:26,17.726204,78.254662,532.90,12,358.38
29/07/2025 06:11:29,17.726366,78.254662,532.20,12,356.09
29/07/2025 06:11:32,17.726547,78.254654,531.40,12,356.68
29/07/2025 06:11:35,17.726738,78.254646,530.40,12,356.32
29/07/2025 06:11:39,17.726963,78.254639,529.10,12,358.88
29/07/2025 06:11:42,17.727087,78.254631,527.50,12,358.80
29/07/2025 06:11:45,17.727169,78.254631,526.90,12,358.37
29/07/2025 06:11:48,17.727238,78.254639,526.80,12,5.41
29/07/2025 06:11:51,17.727316,78.254646,527.10,12,1.48
29/07/2025 06:11:54,17.727406,78.254654,528.10,12,7.14
29/07/2025 06:11:57,17.727457,78.254677,530.70,12,19.35
29/07/2025 06:12:00,17.727530,78.254745,531.40,12,56.95
29/07/2025 06:12:03,17.727585,78.254837,531.50,12,57.05
29/07/2025 06:12:07,17.727654,78.254944,533.30,12,54.61
29/07/2025 06:12:10,17.727736,78.255074,537.00,12,57.46
29/07/2025 06:12:13,17.727825,78.255219,537.00,12,58.83
29/07/2025 06:12:16,17.727911,78.255379,538.00,12,61.20
29/07/2025 06:12:19,17.728008,78.255547,538.90,12,59.60
29/07/2025 06:12:22,17.728119,78.255737,540.50,12,59.83
29/07/2025 06:12:25,17.728230,78.255936,541.20,12,60.50
29/07/2025 06:12:28,17.728334,78.256119,540.90,12,59.27
29/07/2025 06:12:31,17.728430,78.256294,542.30,12,59.47
29/07/2025 06:12:35,17.728531,78.256477,543.40,12,60.04
29/07/2025 06:12:38,17.728569,78.256554,543.80,12,66.04
29/07/2025 06:12:41,17.728600,78.256607,543.70,12,58.71
29/07/2025 06:12:44,17.728642,78.256683,544.00,12,60.74
29/07/2025 06:12:47,17.728718,78.256836,543.40,12,64.60
29/07/2025 06:12:50,17.728804,78.257011,543.50,12,62.56
29/07/2025 06:12:53,17.728926,78.257240,543.30,12,58.98
29/07/2025 06:12:56,17.729090,78.257507,543.00,11,57.63
29/07/2025 06:13:00,17.729317,78.257866,542.10,12,57.35
29/07/2025 06:13:03,17.729467,78.258125,541.50,12,60.00
29/07/2025 06:13:06,17.729597,78.258339,541.40,12,57.10
29/07/2025 06:13:09,17.729696,78.258514,541.00,12,59.62
29/07/2025 06:13:12,17.729748,78.258606,540.10,12,60.25
29/07/2025 06:13:15,17.729776,78.258659,540.10,12,60.52
29/07/2025 06:13:18,17.729839,78.258789,540.40,12,59.88
29/07/2025 06:13:21,17.729929,78.258949,540.60,12,60.18
29/07/2025 06:13:24,17.730042,78.259155,540.60,12,60.39
29/07/2025 06:13:28,17.730227,78.259483,541.20,12,58.96
29/07/2025 06:13:31,17.730375,78.259743,541.10,12,59.53
29/07/2025 06:13:34,17.730534,78.260025,539.80,12,60.17
29/07/2025 06:13:37,17.730698,78.260323,538.50,12,60.13
29/07/2025 06:13:40,17.730869,78.260635,538.20,12,59.29
29/07/2025 06:13:43,17.731043,78.260948,538.20,12,59.49
29/07/2025 06:13:46,17.731215,78.261246,538.60,12,59.59
29/07/2025 06:13:49,17.731377,78.261543,538.80,12,59.93
29/07/2025 06:13:52,17.731531,78.261826,539.70,12,59.51
29/07/2025 06:13:56,17.731724,78.262161,539.90,12,59.00
29/07/2025 06:13:59,17.731871,78.262413,539.30,12,59.25
29/07/2025 06:14:02,17.732018,78.262672,538.60,12,58.24
29/07/2025 06:14:05,17.732162,78.262939,538.20,12,59.91
29/07/2025 06:14:08,17.732317,78.263222,538.60,12,60.44
29/07/2025 06:14:11,17.732477,78.263504,539.10,12,59.73
29/07/2025 06:14:14,17.732653,78.263824,539.40,12,60.03
29/07/2025 06:14:17,17.732838,78.264160,539.60,12,59.71
29/07/2025 06:14:20,17.733036,78.264534,539.50,12,61.03
29/07/2025 06:14:24,17.733326,78.265045,539.40,12,59.25
29/07/2025 06:14:27,17.733534,78.265427,539.80,12,60.63
29/07/2025 06:14:30,17.733742,78.265800,541.00,12,59.74
29/07/2025 06:14:33,17.733952,78.266182,542.30,12,60.00
29/07/2025 06:14:36,17.734163,78.266563,543.50,12,60.24
29/07/2025 06:14:39,17.734371,78.266953,544.60,12,61.30
29/07/2025 06:14:42,17.734581,78.267319,545.80,12,57.31
29/07/2025 06:14:45,17.734756,78.267609,547.20,12,61.09
29/07/2025 06:14:48,17.734901,78.267891,548.10,12,64.09
29/07/2025 06:14:52,17.735130,78.268272,548.20,12,59.39
29/07/2025 06:14:55,17.735294,78.268570,548.80,12,59.84
29/07/2025 06:14:58,17.735466,78.268883,549.20,12,60.58
29/07/2025 06:15:01,17.735649,78.269211,549.60,12,60.09
29/07/2025 06:15:04,17.735834,78.269554,550.20,12,60.50
29/07/2025 06:15:07,17.736023,78.269890,550.60,12,59.60
29/07/2025 06:15:10,17.736214,78.270233,551.10,12,59.97
29/07/2025 06:15:13,17.736391,78.270561,551.30,12,60.33
29/07/2025 06:15:17,17.736628,78.270988,551.30,12,59.71
29/07/2025 06:15:20,17.736807,78.271309,551.00,12,60.05
29/07/2025 06:15:23,17.736988,78.271637,551.10,12,59.44
29/07/2025 06:15:26,17.737167,78.271973,551.00,12,62.04
29/07/2025 06:15:29,17.737347,78.272308,550.90,12,59.91
29/07/2025 06:15:32,17.737547,78.272652,550.30,12,57.71
29/07/2025 06:15:35,17.737747,78.272995,550.50,12,59.15
29/07/2025 06:15:38,17.737938,78.273323,551.30,12,58.99
29/07/2025 06:15:41,17.738108,78.273636,552.00,12,60.16
29/07/2025 06:15:45,17.738333,78.274033,552.00,12,58.93
29/07/2025 06:15:48,17.738504,78.274338,552.70,12,58.93
29/07/2025 06:15:51,17.738680,78.274643,553.20,12,59.41
29/07/2025 06:15:54,17.738855,78.274948,553.20,12,59.37
29/07/2025 06:15:57,17.739019,78.275238,553.20,12,59.01
29/07/2025 06:16:00,17.739164,78.275490,552.80,12,59.54
29/07/2025 06:16:03,17.739290,78.275711,552.10,12,59.85
29/07/2025 06:16:06,17.739428,78.275955,552.20,12,59.29
29/07/2025 06:16:09,17.739588,78.276237,552.00,12,59.22
29/07/2025 06:16:13,17.739805,78.276627,553.30,12,59.71
29/07/2025 06:16:16,17.739975,78.276939,554.70,12,62.08
29/07/2025 06:16:19,17.740147,78.277252,553.80,12,60.33
29/07/2025 06:16:22,17.740313,78.277542,552.30,12,58.63
29/07/2025 06:16:25,17.740482,78.277832,552.20,12,58.47
29/07/2025 06:16:28,17.740652,78.278137,551.80,12,58.86
29/07/2025 06:16:31,17.740786,78.278343,549.20,12,59.09
29/07/2025 06:16:34,17.740898,78.278549,548.90,12,58.34
29/07/2025 06:16:37,17.741039,78.278809,548.20,12,61.01
29/07/2025 06:16:41,17.741238,78.279160,547.80,12,59.56
29/07/2025 06:16:44,17.741390,78.279434,547.40,12,60.26
29/07/2025 06:16:47,17.741549,78.279709,546.90,12,58.41
29/07/2025 06:16:50,17.741711,78.279991,546.20,12,59.50
29/07/2025 06:16:53,17.741856,78.280243,545.90,12,59.22
29/07/2025 06:16:56,17.741999,78.280495,545.70,12,59.79
29/07/2025 06:16:59,17.742132,78.280739,546.80,12,58.48
29/07/2025 06:17:02,17.742245,78.280930,546.70,12,59.82
29/07/2025 06:17:06,17.742340,78.281097,546.40,12,57.28
29/07/2025 06:17:09,17.742371,78.281151,546.00,12,58.56
29/07/2025 06:17:12,17.742380,78.281174,546.90,12,59.21
29/07/2025 06:17:15,17.742388,78.281189,547.90,12,65.49
29/07/2025 06:17:18,17.742399,78.281212,548.00,12,60.24
29/07/2025 06:17:21,17.742422,78.281258,548.40,12,64.88
29/07/2025 06:17:24,17.742472,78.281334,548.40,12,46.82
29/07/2025 06:17:27,17.742561,78.281372,548.90,12,6.87
29/07/2025 06:17:30,17.742689,78.281326,548.70,12,330.14
29/07/2025 06:17:34,17.742903,78.281189,548.40,12,327.29
29/07/2025 06:17:37,17.743097,78.281059,547.80,12,327.14
29/07/2025 06:17:40,17.743315,78.280907,547.30,12,327.06
29/07/2025 06:17:43,17.743544,78.280754,546.70,12,327.61
29/07/2025 06:17:46,17.743769,78.280617,546.50,12,330.37
29/07/2025 06:17:49,17.743988,78.280479,546.30,12,329.09
29/07/2025 06:17:52,17.744238,78.280319,546.10,12,327.41
29/07/2025 06:17:55,17.744511,78.280136,546.00,12,327.25
29/07/2025 06:17:58,17.744799,78.279953,545.80,12,327.69
29/07/2025 06:18:02,17.745171,78.279694,545.70,12,327.11
29/07/2025 06:18:05,17.745455,78.279510,545.70,12,328.75
29/07/2025 06:18:08,17.745731,78.279343,546.00,12,330.38
29/07/2025 06:18:11,17.746000,78.279182,546.40,12,331.05
29/07/2025 06:18:14,17.746298,78.278992,546.80,12,327.05
29/07/2025 06:18:17,17.746613,78.278770,547.20,12,326.27
29/07/2025 06:18:20,17.746935,78.278549,547.60,12,326.94
29/07/2025 06:18:23,17.747255,78.278336,548.20,12,327.30
29/07/2025 06:18:26,17.747574,78.278122,548.80,12,328.15
29/07/2025 06:18:30,17.748007,78.277870,549.10,12,334.56
29/07/2025 06:18:33,17.748318,78.277740,550.40,12,340.88
29/07/2025 06:18:36,17.748528,78.277672,550.90,12,341.94
29/07/2025 06:18:39,17.748705,78.277626,551.30,12,348.08
29/07/2025 06:18:42,17.748928,78.277557,551.80,12,342.32
29/07/2025 06:18:45,17.749172,78.277481,551.30,12,343.02
29/07/2025 06:18:48,17.749390,78.277412,550.80,12,344.36
29/07/2025 06:18:51,17.749546,78.277367,550.60,12,343.15
29/07/2025 06:18:55,17.749649,78.277313,549.90,12,331.43
29/07/2025 06:18:58,17.749693,78.277298,549.40,12,351.00
29/07/2025 06:19:01,17.749701,78.277306,549.70,12,351.00
29/07/2025 06:19:04,17.749701,78.277306,549.70,12,351.00
29/07/2025 06:19:07,17.749708,78.277306,549.40,12,25.30
29/07/2025 06:19:10,17.749731,78.277351,549.50,12,76.07
29/07/2025 06:19:13,17.749689,78.277405,549.70,12,146.65
29/07/2025 06:19:16,17.749578,78.277435,549.60,12,168.17
29/07/2025 06:19:19,17.749411,78.277481,549.90,12,166.38
29/07/2025 06:19:23,17.749165,78.277534,550.20,12,168.14
29/07/2025 06:19:26,17.748970,78.277596,550.60,12,163.73
29/07/2025 06:19:29,17.748753,78.277657,550.10,12,164.85
29/07/2025 06:19:32,17.748516,78.277725,549.30,12,161.91
29/07/2025 06:19:35,17.748255,78.277824,549.10,12,158.80
29/07/2025 06:19:38,17.747982,78.277954,549.20,12,155.45
29/07/2025 06:19:41,17.747705,78.278107,548.90,12,149.45
29/07/2025 06:19:44,17.747416,78.278290,548.00,12,148.28
29/07/2025 06:19:47,17.747114,78.278488,547.00,12,147.69
29/07/2025 06:19:51,17.746725,78.278748,546.10,12,147.53
29/07/2025 06:19:54,17.746431,78.278946,545.20,12,147.38
29/07/2025 06:19:57,17.746134,78.279144,544.60,12,147.63
29/07/2025 06:20:00,17.745846,78.279343,544.50,12,146.31
29/07/2025 06:20:03,17.745560,78.279533,544.90,12,147.14
29/07/2025 06:20:06,17.745266,78.279732,545.00,12,147.24
29/07/2025 06:20:09,17.744972,78.279930,545.00,11,147.51
29/07/2025 06:20:12,17.744684,78.280121,545.40,12,148.40
29/07/2025 06:20:15,17.744394,78.280304,545.80,12,148.47
29/07/2025 06:20:19,17.744013,78.280548,546.10,12,148.30
29/07/2025 06:20:22,17.743738,78.280724,547.10,12,148.28
29/07/2025 06:20:25,17.743473,78.280899,547.50,12,147.94
29/07/2025 06:20:28,17.743219,78.281067,547.20,12,147.31
29/07/2025 06:20:31,17.742979,78.281227,547.60,12,148.00
29/07/2025 06:20:34,17.742762,78.281372,548.00,12,147.51
29/07/2025 06:20:37,17.742580,78.281487,547.90,12,149.06
29/07/2025 06:20:40,17.742432,78.281578,548.20,12,148.11
29/07/2025 06:20:43,17.742281,78.281685,548.20,12,146.03
29/07/2025 06:20:47,17.742044,78.281845,548.20,12,147.33
29/07/2025 06:20:50,17.741871,78.281960,548.50,12,148.63
29/07/2025 06:20:53,17.741787,78.282013,548.40,11,147.28
29/07/2025 06:20:56,17.741755,78.282043,547.50,12,135.09
29/07/2025 06:20:59,17.741724,78.282059,547.50,12,156.73
29/07/2025 06:21:02,17.741724,78.282051,546.70,12,156.73
29/07/2025 06:21:05,17.741724,78.282051,546.30,12,156.73
29/07/2025 06:21:08,17.741726,78.282051,545.40,12,156.73
29/07/2025 06:21:12,17.741730,78.282051,544.40,12,156.73
29/07/2025 06:21:15,17.741730,78.282051,543.80,12,156.73
29/07/2025 06:21:18,17.741730,78.282051,543.50,12,156.73
29/07/2025 06:21:21,17.741730,78.282051,543.30,12,156.73
29/07/2025 06:21:24,17.741728,78.282051,543.20,12,156.73
29/07/2025 06:21:27,17.741728,78.282051,543.20,12,156.73
29/07/2025 06:21:30,17.741728,78.282051,543.20,12,156.73
29/07/2025 06:21:33,17.741726,78.282059,543.30,12,156.73
29/07/2025 06:21:36,17.741726,78.282059,543.50,12,156.73
29/07/2025 06:21:40,17.741724,78.282059,543.90,12,156.73
29/07/2025 06:21:43,17.741724,78.282059,544.30,12,156.73
29/07/2025 06:21:46,17.741722,78.282059,544.40,12,156.73
29/07/2025 06:21:49,17.741722,78.282059,544.30,12,156.73
30/07/2025 06:02:46,17.726194,78.256805,551.50,7,0.00
30/07/2025 06:02:49,17.726194,78.256798,551.20,6,0.00
30/07/2025 06:02:52,17.726202,78.256783,550.70,7,0.00
30/07/2025 06:02:55,17.726196,78.256783,549.50,5,0.00
30/07/2025 06:02:58,17.726204,78.256783,549.80,7,0.00
30/07/2025 06:03:01,17.726206,78.256790,550.30,7,47.00
30/07/2025 06:03:04,17.726202,78.256783,550.80,6,47.00
30/07/2025 06:03:07,17.726194,78.256790,551.20,5,47.00
30/07/2025 06:03:10,17.726191,78.256798,551.20,5,47.00
30/07/2025 06:03:14,17.726194,78.256790,551.60,5,47.00
30/07/2025 06:03:17,17.726200,78.256805,551.40,5,47.00
30/07/2025 06:03:20,17.726202,78.256805,551.00,6,47.00
30/07/2025 06:03:23,17.726204,78.256805,550.60,6,47.00
30/07/2025 06:03:26,17.726202,78.256805,550.20,6,47.00
30/07/2025 06:03:29,17.726206,78.256805,549.90,5,47.00
30/07/2025 06:03:32,17.726212,78.256813,549.10,6,47.00
30/07/2025 06:03:35,17.726234,78.256805,547.60,7,42.16
30/07/2025 06:03:38,17.726269,78.256790,546.10,7,353.61
30/07/2025 06:03:42,17.726320,78.256760,546.20,7,335.28
30/07/2025 06:03:45,17.726374,78.256752,546.60,7,353.29
30/07/2025 06:03:48,17.726433,78.256744,548.20,7,350.86
30/07/2025 06:03:51,17.726496,78.256744,551.20,7,355.17
30/07/2025 06:03:54,17.726540,78.256744,553.90,7,358.34
30/07/2025 06:03:57,17.726585,78.256737,554.30,7,356.37
30/07/2025 06:04:00,17.726671,78.256729,554.50,7,359.44
30/07/2025 06:04:03,17.726755,78.256729,553.00,7,357.09
30/07/2025 06:04:06,17.726828,78.256767,551.10,7,18.59
30/07/2025 06:04:10,17.726877,78.256927,551.70,6,75.66
30/07/2025 06:04:13,17.726898,78.257065,548.80,7,86.70
30/07/2025 06:04:16,17.726904,78.257210,546.20,7,89.84
30/07/2025 06:04:19,17.726931,78.257332,544.10,7,81.96
30/07/2025 06:04:22,17.726929,78.257446,542.80,7,90.66
30/07/2025 06:04:25,17.726925,78.257584,541.60,7,92.15
30/07/2025 06:04:28,17.726925,78.257729,540.60,7,92.61
30/07/2025 06:04:31,17.726934,78.257881,540.90,7,90.15
30/07/2025 06:04:34,17.726938,78.258018,541.00,7,90.70
30/07/2025 06:04:38,17.726940,78.258209,540.10,7,91.20
30/07/2025 06:04:41,17.726940,78.258316,539.30,7,93.16
30/07/2025 06:04:44,17.726908,78.258385,539.70,7,121.57
30/07/2025 06:04:47,17.726889,78.258400,537.70,7,121.57
30/07/2025 06:04:50,17.726858,78.258423,535.50,7,152.74
30/07/2025 06:04:53,17.726778,78.258438,535.60,7,169.87
30/07/2025 06:04:56,17.726662,78.258423,535.70,7,180.02
30/07/2025 06:04:59,17.726555,78.258430,536.50,7,179.77
30/07/2025 06:05:02,17.726429,78.258446,536.80,7,177.40
30/07/2025 06:05:06,17.726166,78.258446,536.70,7,180.20
30/07/2025 06:05:09,17.725935,78.258469,534.80,7,177.81
30/07/2025 06:05:12,17.725695,78.258476,533.30,6,179.68
30/07/2025 06:05:15,17.725512,78.258507,533.50,6,174.46
30/07/2025 06:05:18,17.725372,78.258492,531.60,7,190.60
30/07/2025 06:05:21,17.725288,78.258423,530.50,7,223.73
30/07/2025 06:05:24,17.725245,78.258362,530.60,7,252.93
30/07/2025 06:05:27,17.725220,78.258286,532.70,7,262.01
30/07/2025 06:05:31,17.725185,78.258118,534.60,6,261.53
30/07/2025 06:05:34,17.725155,78.257980,535.20,6,261.06
30/07/2025 06:05:37,17.725122,78.257820,540.00,7,260.25
30/07/2025 06:05:40,17.725094,78.257675,542.10,7,262.44
30/07/2025 06:05:43,17.725077,78.257507,542.60,6,264.56
30/07/2025 06:05:46,17.725065,78.257324,542.30,7,267.71
30/07/2025 06:05:49,17.725042,78.257164,543.70,7,262.96
30/07/2025 06:05:52,17.725019,78.257027,544.80,6,263.87
30/07/2025 06:05:55,17.725008,78.256912,545.00,7,265.67
30/07/2025 06:05:59,17.724985,78.256790,546.30,6,260.20
30/07/2025 06:06:02,17.724949,78.256760,546.80,6,229.26
30/07/2025 06:06:05,17.724926,78.256691,546.80,6,232.63
30/07/2025 06:06:08,17.724855,78.256660,546.10,7,205.31
30/07/2025 06:06:11,17.724785,78.256615,544.60,7,199.16
30/07/2025 06:06:14,17.724731,78.256569,542.60,7,207.89
30/07/2025 06:06:17,17.724735,78.256454,540.70,7,269.37
30/07/2025 06:06:20,17.724731,78.256271,539.30,7,273.07
30/07/2025 06:06:23,17.724720,78.256096,540.40,6,274.16
30/07/2025 06:06:27,17.724712,78.255898,539.40,6,277.87
30/07/2025 06:06:30,17.724693,78.255775,541.80,6,268.85
30/07/2025 06:06:33,17.724627,78.255699,540.80,7,246.01
30/07/2025 06:06:36,17.724499,78.255730,540.20,7,188.68
30/07/2025 06:06:39,17.724432,78.255714,540.20,7,178.89
30/07/2025 06:06:42,17.724403,78.255661,541.00,7,187.92
30/07/2025 06:06:45,17.724386,78.255562,541.70,7,253.93
30/07/2025 06:06:48,17.724398,78.255470,540.00,7,278.21
30/07/2025 06:06:51,17.724386,78.255371,539.00,7,277.49
30/07/2025 06:06:55,17.724373,78.255226,538.30,7,270.73
30/07/2025 06:06:58,17.724380,78.255028,534.30,7,274.18
30/07/2025 06:07:01,17.724375,78.254822,533.30,7,274.00
30/07/2025 06:07:04,17.724350,78.254654,533.20,7,267.18
30/07/2025 06:07:07,17.724340,78.254478,533.60,7,268.87
30/07/2025 06:07:10,17.724346,78.254326,534.60,7,279.02
30/07/2025 06:07:13,17.724407,78.254227,536.10,7,306.62
30/07/2025 06:07:16,17.724499,78.254204,536.70,6,337.32
30/07/2025 06:07:20,17.724558,78.254150,538.30,5,340.79
30/07/2025 06:07:23,17.724657,78.254120,540.50,5,352.85
30/07/2025 06:07:26,17.724779,78.254112,541.40,4,355.24
30/07/2025 06:07:29,17.724915,78.254128,542.00,5,357.07
30/07/2025 06:07:32,17.724991,78.254128,542.80,6,11.77
30/07/2025 06:07:35,17.725023,78.254082,543.80,6,43.95
30/07/2025 06:07:38,17.725029,78.254158,546.00,6,84.64
30/07/2025 06:07:41,17.725023,78.254280,547.50,6,89.68
30/07/2025 06:07:44,17.725031,78.254425,548.20,6,90.69
30/07/2025 06:07:48,17.725044,78.254562,549.50,6,92.02
30/07/2025 06:07:51,17.725067,78.254616,552.90,6,76.70
30/07/2025 06:07:54,17.725149,78.254631,555.10,6,22.62
30/07/2025 06:07:57,17.725269,78.254631,555.70,6,358.29
30/07/2025 06:08:00,17.725435,78.254623,554.60,6,357.90
30/07/2025 06:08:03,17.725620,78.254616,552.20,7,354.77
30/07/2025 06:08:06,17.725798,78.254623,549.30,7,358.69
30/07/2025 06:08:09,17.725897,78.254646,547.30,7,359.42
30/07/2025 06:08:12,17.725950,78.254662,546.30,7,8.65
30/07/2025 06:08:16,17.726128,78.254654,547.00,7,2.17
30/07/2025 06:08:19,17.726273,78.254669,544.00,7,6.11
30/07/2025 06:08:22,17.726427,78.254715,541.60,7,9.78
30/07/2025 06:08:25,17.726559,78.254745,538.80,7,13.26
30/07/2025 06:08:28,17.726709,78.254738,537.10,7,3.17
30/07/2025 06:08:31,17.726845,78.254753,536.20,7,7.82
30/07/2025 06:08:34,17.726927,78.254761,536.20,7,4.60
30/07/2025 06:08:37,17.726997,78.254776,534.80,7,18.27
30/07/2025 06:08:40,17.727085,78.254768,534.00,7,10.36
30/07/2025 06:08:44,17.727215,78.254700,532.70,7,326.02
30/07/2025 06:08:47,17.727261,78.254631,529.60,7,293.43
30/07/2025 06:08:50,17.727243,78.254517,528.60,7,243.30
30/07/2025 06:08:53,17.727194,78.254364,529.10,7,238.40
30/07/2025 06:08:56,17.727171,78.254280,527.60,7,239.94
30/07/2025 06:08:59,17.727148,78.254211,526.50,7,240.71
30/07/2025 06:09:02,17.727074,78.254051,525.90,7,238.89
30/07/2025 06:09:05,17.726984,78.253876,526.70,7,237.81
30/07/2025 06:09:08,17.726875,78.253670,526.40,7,239.42
30/07/2025 06:09:12,17.726704,78.253357,525.90,7,238.98
30/07/2025 06:09:15,17.726564,78.253105,524.40,7,239.40
30/07/2025 06:09:18,17.726421,78.252831,524.00,7,240.28
30/07/2025 06:09:21,17.726276,78.252556,523.30,7,239.93
30/07/2025 06:09:24,17.726128,78.252274,522.80,7,239.87
30/07/2025 06:09:27,17.725973,78.251984,521.80,7,239.94
30/07/2025 06:09:30,17.725817,78.251678,521.30,7,240.32
30/07/2025 06:09:33,17.725657,78.251373,522.00,7,240.05
30/07/2025 06:09:37,17.725451,78.250992,522.40,7,239.88
30/07/2025 06:09:40,17.725292,78.250694,523.20,7,240.06
30/07/2025 06:09:43,17.725130,78.250381,525.10,7,240.73
30/07/2025 06:09:46,17.724977,78.250061,525.40,7,244.18
30/07/2025 06:09:49,17.724836,78.249748,525.40,7,243.08
30/07/2025 06:09:52,17.724697,78.249397,525.50,7,246.49
30/07/2025 06:09:55,17.724548,78.249046,525.20,7,246.53
30/07/2025 06:09:58,17.724403,78.248680,525.00,7,247.31
30/07/2025 06:10:01,17.724260,78.248329,525.10,7,247.12
30/07/2025 06:10:05,17.724075,78.247864,523.80,7,247.33
30/07/2025 06:10:08,17.723936,78.247520,523.60,7,247.10
30/07/2025 06:10:11,17.723795,78.247169,523.60,7,246.19
30/07/2025 06:10:14,17.723652,78.246819,523.70,7,246.31
30/07/2025 06:10:17,17.723513,78.246483,523.50,7,246.99
30/07/2025 06:10:20,17.723373,78.246140,523.50,7,247.13
30/07/2025 06:10:23,17.723238,78.245789,523.30,7,247.50
30/07/2025 06:10:26,17.723101,78.245445,522.80,7,247.45
30/07/2025 06:10:29,17.722958,78.245087,522.40,7,246.95
30/07/2025 06:10:33,17.722761,78.244591,523.20,6,246.54
30/07/2025 06:10:36,17.722607,78.244217,523.90,7,246.56
30/07/2025 06:10:39,17.722448,78.243828,524.40,8,245.65
30/07/2025 06:10:42,17.722282,78.243446,523.50,8,244.50
30/07/2025 06:10:45,17.722126,78.243050,522.90,8,247.42
30/07/2025 06:10:48,17.721968,78.242661,522.70,8,246.49
30/07/2025 06:10:51,17.721809,78.242264,522.50,8,247.01
30/07/2025 06:10:54,17.721647,78.241867,522.90,8,246.63
30/07/2025 06:10:57,17.721491,78.241478,522.60,8,246.68
30/07/2025 06:11:01,17.721287,78.240974,521.90,8,246.80
30/07/2025 06:11:04,17.721146,78.240608,520.80,8,249.34
30/07/2025 06:11:07,17.721001,78.240242,519.50,8,246.52
30/07/2025 06:11:10,17.720860,78.239876,519.10,8,247.40
30/07/2025 06:11:13,17.720715,78.239510,518.10,8,246.90
30/07/2025 06:11:16,17.720566,78.239159,517.40,7,246.64
30/07/2025 06:11:19,17.720425,78.238815,517.00,8,246.72
30/07/2025 06:11:22,17.720276,78.238457,516.60,8,246.37
30/07/2025 06:11:26,17.720081,78.237984,517.20,8,246.86
30/07/2025 06:11:29,17.719931,78.237617,518.10,8,246.72
30/07/2025 06:11:32,17.719790,78.237259,518.40,8,247.37
30/07/2025 06:11:35,17.719643,78.236900,518.30,8,247.71
30/07/2025 06:11:38,17.719503,78.236526,518.30,8,250.05
30/07/2025 06:11:41,17.719358,78.236160,519.00,8,246.88
30/07/2025 06:11:44,17.719219,78.235809,518.70,8,249.23
30/07/2025 06:11:47,17.719084,78.235489,517.50,7,248.25
30/07/2025 06:11:50,17.718950,78.235176,518.20,8,247.10
30/07/2025 06:11:54,17.718794,78.234756,518.00,8,250.90
30/07/2025 06:11:57,17.718685,78.234482,514.70,8,248.59
30/07/2025 06:12:00,17.718548,78.234146,506.50,8,244.27
30/07/2025 06:12:03,17.718393,78.233772,508.40,8,247.60
30/07/2025 06:12:06,17.718254,78.233414,510.70,8,248.21
30/07/2025 06:12:09,17.718098,78.233078,511.70,8,245.05
30/07/2025 06:12:12,17.717957,78.232735,515.50,8,247.11
30/07/2025 06:12:15,17.717812,78.232376,517.60,8,246.27
30/07/2025 06:12:18,17.717663,78.232018,520.00,8,245.18
30/07/2025 06:12:22,17.717455,78.231499,520.60,8,247.62
30/07/2025 06:12:25,17.717299,78.231117,521.00,8,246.79
30/07/2025 06:12:28,17.717144,78.230736,520.70,8,246.79
30/07/2025 06:12:31,17.716990,78.230354,520.80,8,247.27
30/07/2025 06:12:34,17.716833,78.229965,521.20,8,247.36
30/07/2025 06:12:37,17.716673,78.229561,522.40,8,247.66
30/07/2025 06:12:40,17.716509,78.229149,524.00,8,246.95
30/07/2025 06:12:43,17.716345,78.228745,525.30,8,247.15
30/07/2025 06:12:46,17.716187,78.228355,525.20,8,246.85
30/07/2025 06:12:50,17.715971,78.227844,524.90,7,246.02
30/07/2025 06:12:53,17.715815,78.227455,526.00,8,247.50
30/07/2025 06:12:56,17.715660,78.227074,524.50,7,247.86
30/07/2025 06:12:59,17.715506,78.226700,523.40,8,245.88
30/07/2025 06:13:02,17.715380,78.226334,521.60,8,252.18
30/07/2025 06:13:05,17.715256,78.225975,513.80,8,248.06
30/07/2025 06:13:08,17.715103,78.225578,511.00,8,246.91
30/07/2025 06:13:11,17.714937,78.225166,511.20,8,247.21
30/07/2025 06:13:15,17.714714,78.224617,509.90,8,246.36
30/07/2025 06:13:18,17.714561,78.224243,511.80,8,245.65
30/07/2025 06:13:21,17.714422,78.223915,511.60,7,245.09
30/07/2025 06:13:24,17.714315,78.223663,510.90,7,245.53
30/07/2025 06:13:27,17.714212,78.223419,509.50,8,247.11
30/07/2025 06:13:30,17.714083,78.223114,516.00,8,248.26
30/07/2025 06:13:33,17.713961,78.222809,522.60,7,247.95
30/07/2025 06:13:36,17.713825,78.222488,523.60,7,245.19
30/07/2025 06:13:41,17.713602,78.221909,524.40,8,248.65
30/07/2025 06:13:44,17.713461,78.221588,526.00,8,244.81
30/07/2025 06:13:47,17.713341,78.221291,517.10,8,246.41
30/07/2025 06:13:50,17.713219,78.220985,519.20,7,248.47
30/07/2025 06:13:53,17.713097,78.220665,519.70,8,249.02
30/07/2025 06:13:56,17.712980,78.220337,516.30,8,247.80
30/07/2025 06:14:00,17.712801,78.219902,514.40,8,246.09
30/07/2025 06:14:03,17.712666,78.219574,515.20,8,246.00
30/07/2025 06:14:06,17.712542,78.219276,515.50,9,245.74
30/07/2025 06:14:09,17.712439,78.219009,516.20,9,250.05
30/07/2025 06:14:12,17.712326,78.218727,517.30,9,248.43
30/07/2025 06:14:15,17.712194,78.218414,517.80,9,247.63
30/07/2025 06:14:18,17.712057,78.218071,519.20,9,247.73
30/07/2025 06:14:21,17.711922,78.217728,518.80,9,248.37
30/07/2025 06:14:24,17.711781,78.217392,519.70,9,247.32
30/07/2025 06:14:28,17.711592,78.216949,519.70,9,246.92
30/07/2025 06:14:31,17.711466,78.216621,516.10,9,247.54
30/07/2025 06:14:34,17.711340,78.216324,515.70,9,247.31
30/07/2025 06:14:37,17.711210,78.215988,517.50,8,247.38
30/07/2025 06:14:40,17.711096,78.215675,517.60,8,248.05
30/07/2025 06:14:43,17.710964,78.215347,519.30,9,247.41
30/07/2025 06:14:46,17.710844,78.215042,519.60,9,248.29
30/07/2025 06:14:49,17.710718,78.214706,521.30,9,250.10
30/07/2025 06:14:52,17.710581,78.214348,523.70,9,248.90
30/07/2025 06:14:56,17.710377,78.213844,525.80,9,247.19
30/07/2025 06:14:59,17.710215,78.213463,527.50,9,246.13
30/07/2025 06:15:02,17.710077,78.213127,527.70,9,247.01
30/07/2025 06:15:05,17.709965,78.212837,527.30,8,248.25
30/07/2025 06:15:08,17.709858,78.212608,526.80,9,241.53
30/07/2025 06:15:11,17.709774,78.212448,527.20,9,241.19
30/07/2025 06:15:14,17.709732,78.212372,527.70,9,241.93
30/07/2025 06:15:17,17.709715,78.212334,527.60,9,244.44
30/07/2025 06:15:20,17.709686,78.212288,525.50,9,239.11
30/07/2025 06:15:24,17.709591,78.212112,524.80,9,242.54
30/07/2025 06:15:27,17.709538,78.212006,525.70,9,243.41
30/07/2025 06:15:30,17.709526,78.211891,528.40,9,285.91
30/07/2025 06:15:33,17.709574,78.211769,531.10,9,289.53
30/07/2025 06:15:36,17.709566,78.211586,533.30,9,262.78
30/07/2025 06:15:39,17.709539,78.211372,529.70,9,264.15
30/07/2025 06:15:42,17.709517,78.211128,528.30,9,268.56
30/07/2025 06:15:45,17.709490,78.210854,525.00,8,266.21
30/07/2025 06:15:49,17.709446,78.210449,524.50,8,264.96
30/07/2025 06:15:55,17.709383,78.209778,527.50,9,264.65
30/07/2025 06:15:58,17.709341,78.209435,527.70,9,261.69
30/07/2025 06:16:01,17.709293,78.209091,527.60,9,263.42
30/07/2025 06:16:04,17.709259,78.208740,528.30,9,265.42
30/07/2025 06:16:07,17.709230,78.208420,530.20,9,264.31
30/07/2025 06:16:10,17.709200,78.208138,529.40,9,262.01
30/07/2025 06:16:13,17.709167,78.207878,530.40,8,263.21
30/07/2025 06:16:17,17.709137,78.207558,529.50,9,265.53
30/07/2025 06:16:20,17.709110,78.207306,531.80,9,263.27
30/07/2025 06:16:23,17.709085,78.207054,532.00,9,263.07
30/07/2025 06:16:26,17.709066,78.206894,530.70,9,264.22
30/07/2025 06:16:29,17.709059,78.206802,531.30,9,262.89
30/07/2025 06:16:32,17.709045,78.206627,530.30,9,265.78
30/07/2025 06:16:35,17.709023,78.206406,530.00,9,263.49
30/07/2025 06:16:38,17.709002,78.206146,529.30,9,265.70
30/07/2025 06:16:41,17.708996,78.205856,530.50,10,272.92
30/07/2025 06:16:45,17.709063,78.205490,528.70,10,288.90
30/07/2025 06:16:48,17.709158,78.205254,529.50,9,297.18
30/07/2025 06:16:51,17.709236,78.205078,528.40,9,297.96
30/07/2025 06:16:54,17.709318,78.205032,527.70,10,16.20
30/07/2025 06:16:57,17.709303,78.205132,530.90,10,122.39
30/07/2025 06:17:00,17.709217,78.205254,530.10,10,122.04
30/07/2025 06:17:03,17.709127,78.205437,528.50,10,114.29
30/07/2025 06:17:06,17.709066,78.205635,529.30,10,103.18
30/07/2025 06:17:09,17.709044,78.205849,531.10,10,100.20
30/07/2025 06:17:13,17.709051,78.206131,532.20,10,86.57
30/07/2025 06:17:16,17.709064,78.206329,532.90,10,85.71
30/07/2025 06:17:19,17.709074,78.206444,533.90,10,84.68
30/07/2025 06:17:22,17.709084,78.206566,534.50,10,85.89
30/07/2025 06:17:25,17.709095,78.206703,535.00,10,83.94
30/07/2025 06:17:28,17.709106,78.206810,534.60,10,84.26
30/07/2025 06:17:31,17.709120,78.206932,534.50,11,82.97
30/07/2025 06:17:34,17.709141,78.207085,535.00,11,81.56
30/07/2025 06:17:38,17.709173,78.207268,534.20,11,83.34
30/07/2025 06:17:41,17.709190,78.207451,534.30,11,83.84
30/07/2025 06:17:44,17.709202,78.207626,536.70,11,86.52
30/07/2025 06:17:47,17.709219,78.207817,535.90,11,85.97
30/07/2025 06:17:50,17.709242,78.208023,536.30,11,83.59
30/07/2025 06:17:53,17.709255,78.208191,536.50,11,85.42
30/07/2025 06:17:56,17.709267,78.208328,538.20,11,83.54
30/07/2025 06:17:59,17.709286,78.208496,538.20,11,83.18
30/07/2025 06:18:02,17.709301,78.208641,538.00,11,84.03
30/07/2025 06:18:06,17.709312,78.208733,536.80,11,83.28
30/07/2025 06:18:09,17.709328,78.208878,538.00,11,85.32
30/07/2025 06:18:12,17.709349,78.209061,538.80,11,83.83
30/07/2025 06:18:15,17.709372,78.209290,538.90,11,84.96
30/07/2025 06:18:18,17.709402,78.209549,539.30,11,84.17
30/07/2025 06:18:21,17.709427,78.209831,538.70,11,84.55
30/07/2025 06:18:24,17.709450,78.210121,538.00,11,85.45
30/07/2025 06:18:27,17.709475,78.210411,537.80,11,84.32
30/07/2025 06:18:30,17.709505,78.210716,537.80,11,84.32
30/07/2025 06:18:34,17.709549,78.211113,538.30,11,82.90
30/07/2025 06:18:37,17.709583,78.211380,539.40,11,83.36
30/07/2025 06:18:40,17.709608,78.211586,539.60,11,82.85
30/07/2025 06:18:43,17.709620,78.211685,539.40,11,83.59
30/07/2025 06:18:46,17.709625,78.211754,537.90,11,86.68
30/07/2025 06:18:49,17.709631,78.211830,537.40,11,88.19
30/07/2025 06:18:52,17.709635,78.211922,537.90,11,85.74
30/07/2025 06:18:55,17.709648,78.212044,538.40,11,83.01
30/07/2025 06:18:58,17.709675,78.212143,539.20,11,79.33
30/07/2025 06:19:02,17.709692,78.212189,537.60,11,66.10
30/07/2025 06:19:05,17.709703,78.212212,536.10,11,60.82
30/07/2025 06:19:08,17.709721,78.212250,536.00,11,63.78
30/07/2025 06:19:11,17.709768,78.212349,535.80,11,61.33
30/07/2025 06:19:14,17.709839,78.212502,535.90,11,65.10
30/07/2025 06:19:17,17.709915,78.212669,536.10,11,64.82
30/07/2025 06:19:20,17.709982,78.212837,535.00,11,68.20
30/07/2025 06:19:23,17.710045,78.212997,535.10,11,67.51
30/07/2025 06:19:27,17.710148,78.213242,534.50,10,65.85
30/07/2025 06:19:30,17.710232,78.213455,533.50,11,68.95
30/07/2025 06:19:33,17.710333,78.213715,533.70,11,66.53
30/07/2025 06:19:36,17.710447,78.213982,532.80,11,65.63
30/07/2025 06:19:39,17.710564,78.214264,532.40,11,66.73
30/07/2025 06:19:42,17.710678,78.214554,532.40,11,67.13
30/07/2025 06:19:45,17.710783,78.214813,532.90,11,67.64
30/07/2025 06:19:48,17.710884,78.215080,533.90,11,67.59
30/07/2025 06:19:51,17.710995,78.215355,533.60,11,66.29
30/07/2025 06:19:55,17.711157,78.215736,532.90,11,64.45
30/07/2025 06:19:58,17.711294,78.216072,531.60,11,67.16
30/07/2025 06:20:01,17.711439,78.216423,532.60,11,66.52
30/07/2025 06:20:04,17.711582,78.216766,533.10,11,67.31
30/07/2025 06:20:07,17.711716,78.217110,532.40,11,67.77
30/07/2025 06:20:10,17.711857,78.217468,532.20,11,67.35
30/07/2025 06:20:13,17.712004,78.217834,532.40,11,67.05
30/07/2025 06:20:16,17.712154,78.218201,532.50,11,66.85
30/07/2025 06:20:19,17.712301,78.218567,532.80,11,68.18
30/07/2025 06:20:23,17.712484,78.219032,531.60,11,67.15
30/07/2025 06:20:26,17.712627,78.219383,530.10,11,67.22
30/07/2025 06:20:29,17.712772,78.219749,530.20,11,67.29
30/07/2025 06:20:32,17.712915,78.220123,531.00,11,67.16
30/07/2025 06:20:35,17.713068,78.220497,532.10,10,67.50
30/07/2025 06:20:38,17.713213,78.220871,533.90,10,68.49
30/07/2025 06:20:41,17.713354,78.221222,536.20,10,66.62
30/07/2025 06:20:44,17.713499,78.221588,534.60,10,67.21
30/07/2025 06:20:47,17.713644,78.221954,533.40,11,67.83
30/07/2025 06:20:51,17.713827,78.222420,532.00,11,67.86
30/07/2025 06:20:54,17.713968,78.222740,532.00,9,65.28
30/07/2025 06:20:57,17.714109,78.223091,531.50,10,66.55
30/07/2025 06:21:00,17.714243,78.223450,530.70,9,69.29
30/07/2025 06:21:03,17.714390,78.223801,530.90,7,65.79
30/07/2025 06:21:06,17.714554,78.224129,531.70,8,62.47
30/07/2025 06:21:09,17.714706,78.224472,532.00,10,66.19
30/07/2025 06:21:12,17.714848,78.224838,529.30,9,68.31
30/07/2025 06:21:15,17.714991,78.225197,524.20,10,67.48
30/07/2025 06:21:19,17.715187,78.225670,523.70,10,66.18
30/07/2025 06:21:22,17.715334,78.226006,527.50,10,65.40
30/07/2025 06:21:25,17.715475,78.226349,529.00,10,67.58
30/07/2025 06:21:28,17.715616,78.226662,529.50,10,65.33
30/07/2025 06:21:31,17.715755,78.227005,529.90,10,65.59
30/07/2025 06:21:34,17.715899,78.227364,531.10,10,66.57
30/07/2025 06:21:37,17.716043,78.227737,531.40,10,67.00
30/07/2025 06:21:40,17.716179,78.228065,532.00,10,67.03
30/07/2025 06:21:44,17.716356,78.228523,531.30,11,67.40
30/07/2025 06:21:47,17.716501,78.228897,530.20,11,66.69
30/07/2025 06:21:50,17.716650,78.229279,530.40,11,67.70
30/07/2025 06:21:53,17.716810,78.229668,531.00,10,66.40
30/07/2025 06:21:56,17.716965,78.230057,531.70,10,67.58
30/07/2025 06:21:59,17.717121,78.230446,531.90,11,68.11
30/07/2025 06:22:02,17.717281,78.230843,531.70,11,66.40
30/07/2025 06:22:05,17.717434,78.231224,531.90,11,67.42
30/07/2025 06:22:08,17.717566,78.231583,533.00,11,69.05
30/07/2025 06:22:12,17.717724,78.231979,532.00,11,69.80
30/07/2025 06:22:15,17.717827,78.232269,531.90,11,67.23
30/07/2025 06:22:18,17.717953,78.232559,531.50,11,65.37
30/07/2025 06:22:21,17.718075,78.232857,531.20,11,66.33
30/07/2025 06:22:24,17.718191,78.233154,531.90,11,68.27
30/07/2025 06:22:27,17.718325,78.233490,533.70,11,70.32
30/07/2025 06:22:30,17.718477,78.233849,531.60,11,66.17
30/07/2025 06:22:33,17.718632,78.234230,529.20,11,67.42
30/07/2025 06:22:36,17.718786,78.234619,525.00,11,67.45
30/07/2025 06:22:40,17.719004,78.235146,524.80,11,66.49
30/07/2025 06:22:43,17.719168,78.235565,524.80,11,68.71
30/07/2025 06:22:46,17.719330,78.235970,525.50,11,67.00
30/07/2025 06:22:49,17.719494,78.236374,527.50,11,66.20
30/07/2025 06:22:52,17.719666,78.236786,525.90,11,67.21
30/07/2025 06:22:55,17.719833,78.237198,525.10,11,66.54
30/07/2025 06:22:58,17.719988,78.237610,524.50,11,69.54
30/07/2025 06:23:01,17.720156,78.238022,524.40,11,65.48
30/07/2025 06:23:04,17.720331,78.238426,524.70,11,65.48
30/07/2025 06:23:08,17.720545,78.238953,525.00,11,66.60
30/07/2025 06:23:11,17.720713,78.239357,525.00,11,66.62
30/07/2025 06:23:14,17.720881,78.239761,524.70,11,66.42
30/07/2025 06:23:17,17.721050,78.240181,524.10,11,67.63
30/07/2025 06:23:20,17.721226,78.240608,525.10,11,66.57
30/07/2025 06:23:23,17.721405,78.241058,524.90,11,69.28
30/07/2025 06:23:26,17.721592,78.241508,525.30,10,67.08
30/07/2025 06:23:29,17.721777,78.241951,525.50,10,66.48
30/07/2025 06:23:33,17.722010,78.242531,526.30,10,68.03
30/07/2025 06:23:36,17.722176,78.242958,526.90,11,67.79
30/07/2025 06:23:39,17.722351,78.243401,527.60,11,67.00
30/07/2025 06:23:42,17.722534,78.243820,528.00,11,66.46
30/07/2025 06:23:45,17.722721,78.244270,528.60,10,66.23
30/07/2025 06:23:48,17.722906,78.244705,531.70,10,66.12
30/07/2025 06:23:51,17.723091,78.245148,532.10,11,66.60
30/07/2025 06:23:54,17.723263,78.245598,532.40,11,67.16
30/07/2025 06:23:57,17.723438,78.246033,533.70,11,67.12
30/07/2025 06:24:01,17.723667,78.246605,533.00,11,67.64
30/07/2025 06:24:04,17.723839,78.247040,534.40,11,67.21
30/07/2025 06:24:07,17.724014,78.247475,535.10,11,66.87
30/07/2025 06:24:10,17.724192,78.247917,535.60,11,67.10
30/07/2025 06:24:13,17.724371,78.248352,536.10,11,66.50
30/07/2025 06:24:16,17.724556,78.248802,536.50,11,66.85
30/07/2025 06:24:22,17.724911,78.249672,535.80,11,66.83
30/07/2025 06:24:25,17.725077,78.250084,536.00,11,65.04
30/07/2025 06:24:29,17.725346,78.250610,536.80,11,60.16
30/07/2025 06:24:32,17.725550,78.250992,536.70,11,61.13
30/07/2025 06:24:35,17.725752,78.251366,537.20,11,60.63
30/07/2025 06:24:38,17.725931,78.251686,536.90,11,59.02
30/07/2025 06:24:41,17.726110,78.251999,536.80,11,58.62
30/07/2025 06:24:44,17.726267,78.252304,538.80,11,59.01
30/07/2025 06:24:47,17.726435,78.252594,539.90,11,60.43
30/07/2025 06:24:50,17.726582,78.252861,539.30,11,60.00
30/07/2025 06:24:53,17.726704,78.253082,538.50,11,60.02
30/07/2025 06:24:57,17.726851,78.253357,538.50,11,59.96
30/07/2025 06:25:00,17.726946,78.253525,538.80,11,60.48
30/07/2025 06:25:03,17.727024,78.253670,539.20,11,61.59
30/07/2025 06:25:06,17.727102,78.253822,539.40,11,60.52
30/07/2025 06:25:09,17.727148,78.253906,539.30,11,61.74
30/07/2025 06:25:12,17.727169,78.253944,540.20,11,60.89
30/07/2025 06:25:15,17.727188,78.253983,539.40,11,61.17
30/07/2025 06:25:18,17.727221,78.254036,539.10,11,60.12
30/07/2025 06:25:22,17.727266,78.254112,539.00,11,60.93
30/07/2025 06:25:25,17.727291,78.254150,538.60,11,61.17
30/07/2025 06:25:28,17.727325,78.254211,539.10,11,60.55
30/07/2025 06:25:31,17.727375,78.254303,538.60,11,60.62
30/07/2025 06:25:37,17.727457,78.254471,539.60,11,60.56
30/07/2025 06:25:40,17.727493,78.254524,541.20,11,57.78
30/07/2025 06:25:43,17.727526,78.254593,542.20,11,65.25
30/07/2025 06:25:46,17.727556,78.254662,541.70,11,61.78
30/07/2025 06:25:50,17.727598,78.254753,541.00,11,67.35
30/07/2025 06:25:53,17.727613,78.254784,543.70,11,58.27
30/07/2025 06:25:56,17.727640,78.254822,543.90,11,61.61
30/07/2025 06:25:59,17.727682,78.254890,542.30,11,62.20
30/07/2025 06:26:02,17.727715,78.254959,543.50,11,59.89
30/07/2025 06:26:05,17.727755,78.255028,542.80,11,60.51
30/07/2025 06:26:08,17.727795,78.255096,542.10,11,59.83
30/07/2025 06:26:11,17.727829,78.255165,541.90,11,61.87
30/07/2025 06:26:14,17.727871,78.255249,542.00,11,63.40
30/07/2025 06:26:18,17.727964,78.255417,543.20,11,58.77
30/07/2025 06:26:21,17.728041,78.255554,543.60,11,60.98
30/07/2025 06:26:24,17.728123,78.255737,544.40,11,66.72
30/07/2025 06:26:27,17.728224,78.255936,545.30,11,61.50
30/07/2025 06:26:30,17.728350,78.256149,545.90,11,58.26
30/07/2025 06:26:33,17.728462,78.256340,546.00,11,60.09
30/07/2025 06:26:36,17.728535,78.256462,546.60,11,57.57
30/07/2025 06:26:39,17.728563,78.256508,547.20,11,60.52
30/07/2025 06:26:42,17.728588,78.256554,547.30,11,58.41
30/07/2025 06:26:46,17.728664,78.256691,547.70,11,61.58
30/07/2025 06:26:49,17.728764,78.256866,550.40,11,58.92
30/07/2025 06:26:52,17.728895,78.257088,549.70,11,59.65
30/07/2025 06:26:55,17.729040,78.257362,548.20,11,59.69
30/07/2025 06:26:58,17.729187,78.257629,548.80,11,60.12
30/07/2025 06:27:01,17.729326,78.257881,549.30,11,59.30
30/07/2025 06:27:04,17.729441,78.258095,548.30,11,65.55
30/07/2025 06:27:07,17.729465,78.258217,547.20,11,93.34
30/07/2025 06:27:10,17.729456,78.258278,545.50,11,118.99
30/07/2025 06:27:14,17.729435,78.258301,545.80,11,144.14
30/07/2025 06:27:17,17.729414,78.258308,542.90,11,181.22
30/07/2025 06:27:20,17.729359,78.258316,542.70,11,178.64
30/07/2025 06:27:23,17.729277,78.258331,541.10,10,171.79
30/07/2025 06:27:26,17.729189,78.258354,539.90,11,165.43
30/07/2025 06:27:29,17.729059,78.258339,538.60,11,188.42
30/07/2025 06:27:32,17.728926,78.258331,534.90,11,179.98
30/07/2025 06:27:35,17.728724,78.258347,531.00,11,179.90
30/07/2025 06:27:39,17.728405,78.258339,527.30,11,180.68
30/07/2025 06:27:42,17.728159,78.258347,521.20,11,181.17
30/07/2025 06:27:45,17.727934,78.258362,521.30,11,178.62
30/07/2025 06:27:48,17.727709,78.258369,517.80,11,179.01
30/07/2025 06:27:51,17.727512,78.258377,514.30,11,178.96
30/07/2025 06:27:54,17.727375,78.258385,511.40,11,176.00
30/07/2025 06:27:57,17.727301,78.258385,507.80,11,179.57
30/07/2025 06:28:00,17.727247,78.258385,505.60,11,184.74
30/07/2025 06:28:03,17.727186,78.258362,505.00,11,233.22
30/07/2025 06:28:07,17.727140,78.258247,507.40,11,264.28
30/07/2025 06:28:10,17.727104,78.258110,509.40,11,265.78
30/07/2025 06:28:13,17.727083,78.257957,509.40,11,270.41
30/07/2025 06:28:16,17.727062,78.257805,514.20,11,267.83
30/07/2025 06:28:22,17.727039,78.257500,519.70,11,270.27
30/07/2025 06:28:25,17.727028,78.257355,521.20,11,268.01
30/07/2025 06:28:28,17.727026,78.257233,525.80,11,270.87
30/07/2025 06:28:31,17.727016,78.257088,524.40,11,268.26
30/07/2025 06:28:35,17.726967,78.256943,524.80,11,237.51
30/07/2025 06:28:38,17.726864,78.256897,525.30,11,190.90
30/07/2025 06:28:41,17.726736,78.256889,523.80,11,177.26
30/07/2025 06:28:44,17.726677,78.256874,522.70,11,183.01
30/07/2025 06:28:47,17.726633,78.256874,520.80,11,175.49
30/07/2025 06:28:50,17.726526,78.256866,523.10,11,174.44
30/07/2025 06:28:53,17.726414,78.256859,522.20,11,179.88
30/07/2025 06:28:56,17.726345,78.256866,522.20,11,162.56
30/07/2025 06:28:59,17.726322,78.256866,524.20,11,164.77
30/07/2025 06:29:03,17.726316,78.256859,525.80,11,164.77
30/07/2025 06:29:06,17.726311,78.256859,528.30,11,164.77
30/07/2025 06:29:12,0.000000,0.000000,0.00,0,0.00
30/07/2025 06:29:16,0.000000,0.000000,0.00,7,0.00
30/07/2025 06:29:19,17.726177,78.256889,568.10,8,0.00
30/07/2025 06:29:22,17.726242,78.256897,548.60,11,0.00
30/07/2025 06:29:25,17.726257,78.256882,546.50,11,0.00
30/07/2025 06:29:28,17.726265,78.256866,546.20,11,288.83
30/07/2025 06:29:31,17.726257,78.256866,545.10,11,12.70
30/07/2025 06:29:34,17.726257,78.256859,543.40,11,14.02
30/07/2025 06:29:37,17.726238,78.256866,542.20,10,171.22
30/07/2025 06:29:40,17.726213,78.256874,540.90,11,150.30
30/07/2025 06:29:44,17.726198,78.256905,541.00,11,101.62
30/07/2025 06:29:47,17.726192,78.256920,538.70,11,101.62
30/07/2025 06:29:50,17.726194,78.256935,538.90,10,101.62
30/07/2025 06:29:53,17.726204,78.256927,538.10,10,101.62
30/07/2025 06:29:56,17.726208,78.256943,536.10,9,101.62
30/07/2025 06:29:59,17.726233,78.256966,535.10,10,101.62
30/07/2025 06:30:02,17.726301,78.256973,533.20,10,23.84
30/07/2025 06:30:05,17.726299,78.257034,534.20,9,23.84
30/07/2025 06:30:09,17.726301,78.257156,530.70,4,23.84
30/07/2025 06:30:12,17.726305,78.257187,522.50,6,23.84
30/07/2025 06:30:15,17.726305,78.257187,522.50,0,23.84
30/07/2025 06:30:18,17.726305,78.257187,522.50,0,23.84
30/07/2025 06:30:21,17.726252,78.257019,533.10,3,23.84
30/07/2025 06:30:24,17.726334,78.256882,540.30,4,322.46
30/07/2025 06:30:27,17.726324,78.256935,540.80,3,322.46
31/07/2025 06:33:10,17.726261,78.256805,539.70,11,35.00
31/07/2025 06:33:13,17.726261,78.256805,539.70,11,35.00
31/07/2025 06:33:16,17.726261,78.256805,539.60,10,35.00
31/07/2025 06:33:19,17.726259,78.256805,539.50,10,35.00
31/07/2025 06:33:22,17.726242,78.256805,540.80,10,35.00
31/07/2025 06:33:24,17.726238,78.256805,541.30,10,0.00
31/07/2025 06:33:28,17.726236,78.256805,542.10,10,0.00
31/07/2025 06:33:31,17.726233,78.256805,543.50,10,0.00
31/07/2025 06:33:34,17.726229,78.256805,544.50,9,0.00
31/07/2025 06:33:37,17.726225,78.256813,544.80,10,0.00
31/07/2025 06:33:40,17.726225,78.256813,544.70,10,0.00
31/07/2025 06:33:43,17.726225,78.256821,544.50,11,0.00
31/07/2025 06:33:46,17.726223,78.256821,544.30,11,0.00
31/07/2025 06:33:49,17.726221,78.256821,543.30,11,0.00
31/07/2025 06:33:52,17.726250,78.256798,545.30,11,337.14
31/07/2025 06:33:56,17.726374,78.256783,546.60,11,6.10
31/07/2025 06:33:59,17.726463,78.256783,541.80,11,3.01
31/07/2025 06:34:02,17.726542,78.256767,539.10,11,351.49
31/07/2025 06:34:05,17.726599,78.256767,537.00,11,4.64
31/07/2025 06:34:08,17.726690,78.256752,531.30,11,0.86
31/07/2025 06:34:11,17.726778,78.256752,529.00,11,7.64
31/07/2025 06:34:14,17.726849,78.256813,530.50,11,59.88
31/07/2025 06:34:17,17.726881,78.256905,531.50,11,76.80
31/07/2025 06:34:20,17.726891,78.257027,530.20,11,88.72
31/07/2025 06:34:24,17.726912,78.257225,529.40,11,79.95
31/07/2025 06:34:27,17.726931,78.257393,520.70,11,84.16
31/07/2025 06:34:30,17.726946,78.257576,519.10,11,80.82
31/07/2025 06:34:33,17.726942,78.257774,520.50,11,87.91
31/07/2025 06:34:36,17.726952,78.257973,520.60,11,84.22
31/07/2025 06:34:39,17.726980,78.258163,517.90,11,80.53
31/07/2025 06:34:42,17.726988,78.258316,518.10,11,89.24
31/07/2025 06:34:45,17.726955,78.258392,520.60,11,129.97
31/07/2025 06:34:49,17.726900,78.258415,522.20,11,177.42
31/07/2025 06:34:52,17.726843,78.258423,521.70,11,173.14
31/07/2025 06:34:55,17.726707,78.258430,521.20,11,178.94
31/07/2025 06:34:58,17.726540,78.258446,518.20,11,177.56
31/07/2025 06:35:01,17.726334,78.258453,518.40,11,173.52
31/07/2025 06:35:04,17.726109,78.258461,518.40,11,180.01
31/07/2025 06:35:07,17.725874,78.258499,521.20,11,177.71
31/07/2025 06:35:10,17.725641,78.258522,523.80,11,171.36
31/07/2025 06:35:13,17.725418,78.258537,522.20,11,177.29
31/07/2025 06:35:17,17.725258,78.258545,523.70,11,181.47
31/07/2025 06:35:20,17.725163,78.258530,525.40,11,211.78
31/07/2025 06:35:23,17.725109,78.258446,528.20,11,245.46
31/07/2025 06:35:26,17.725088,78.258347,528.70,11,259.66
31/07/2025 06:35:29,17.725079,78.258194,528.80,11,268.49
31/07/2025 06:35:32,17.725058,78.258026,524.70,11,262.47
31/07/2025 06:35:35,17.725054,78.257851,519.10,11,266.02
31/07/2025 06:35:38,17.725027,78.257622,517.80,12,260.39
31/07/2025 06:35:41,17.724997,78.257416,513.00,11,263.36
31/07/2025 06:35:45,17.724985,78.257141,513.80,12,265.30
31/07/2025 06:35:48,17.724960,78.256950,510.00,12,260.66
31/07/2025 06:35:51,17.724962,78.256767,508.20,11,272.16
31/07/2025 06:35:54,17.724957,78.256645,507.00,12,263.13
31/07/2025 06:35:57,17.724941,78.256584,508.80,12,221.55
31/07/2025 06:36:00,17.724878,78.256569,509.60,12,182.23
31/07/2025 06:36:03,17.724771,78.256554,509.20,12,181.58
31/07/2025 06:36:06,17.724659,78.256554,508.80,12,170.00
31/07/2025 06:36:09,17.724638,78.256531,512.50,12,170.00
31/07/2025 06:36:13,17.724607,78.256470,512.70,12,262.95
31/07/2025 06:36:16,17.724585,78.256348,515.20,12,268.85
31/07/2025 06:36:19,17.724558,78.256180,519.10,12,270.60
31/07/2025 06:36:22,17.724533,78.256035,518.10,12,266.27
31/07/2025 06:36:25,17.724529,78.255913,517.50,12,267.86
31/07/2025 06:36:28,17.724508,78.255814,517.40,12,260.14
31/07/2025 06:36:31,17.724474,78.255722,520.00,12,239.99
31/07/2025 06:36:34,17.724438,78.255692,515.50,12,206.22
31/07/2025 06:36:38,17.724375,78.255653,513.10,12,199.28
31/07/2025 06:36:41,17.724335,78.255638,512.10,12,178.76
31/07/2025 06:36:44,17.724316,78.255623,512.00,11,178.76
31/07/2025 06:36:47,17.724289,78.255577,512.80,12,242.67
31/07/2025 06:36:50,17.724281,78.255470,511.20,12,269.22
31/07/2025 06:36:53,17.724257,78.255363,510.20,12,264.77
31/07/2025 06:36:56,17.724262,78.255241,516.40,12,269.47
31/07/2025 06:36:59,17.724232,78.255089,512.80,12,261.80
31/07/2025 06:37:02,17.724213,78.254921,509.00,12,268.30
31/07/2025 06:37:06,17.724218,78.254730,511.10,11,271.59
31/07/2025 06:37:09,17.724216,78.254662,513.70,12,264.50
31/07/2025 06:37:12,17.724216,78.254532,519.30,11,270.84
31/07/2025 06:37:15,17.724218,78.254379,520.70,12,270.04
31/07/2025 06:37:18,17.724222,78.254265,520.80,12,271.99
31/07/2025 06:37:21,17.724312,78.254219,521.80,11,350.07
31/07/2025 06:37:24,17.724409,78.254204,521.80,11,358.28
31/07/2025 06:37:27,17.724474,78.254196,522.20,11,0.66
31/07/2025 06:37:30,17.724546,78.254173,522.70,11,358.70
31/07/2025 06:37:34,17.724665,78.254135,523.20,11,350.29
31/07/2025 06:37:37,17.724791,78.254112,516.50,12,355.44
31/07/2025 06:37:40,17.724897,78.254089,513.50,12,4.50
31/07/2025 06:37:43,17.724962,78.254097,513.90,12,34.02
31/07/2025 06:37:46,17.724987,78.254143,516.70,12,76.93
31/07/2025 06:37:49,17.724995,78.254196,519.80,12,93.93
31/07/2025 06:37:52,17.725002,78.254311,520.50,12,88.86
31/07/2025 06:37:55,17.724993,78.254440,520.40,11,95.39
31/07/2025 06:37:58,17.725004,78.254570,522.40,12,89.58
31/07/2025 06:38:02,17.725025,78.254654,522.40,12,66.73
31/07/2025 06:38:05,17.725105,78.254684,522.60,12,9.51
31/07/2025 06:38:08,17.725227,78.254677,520.90,12,353.15
31/07/2025 06:38:11,17.725393,78.254677,519.20,12,0.13
31/07/2025 06:38:14,17.725590,78.254684,518.60,12,358.13
31/07/2025 06:38:17,17.725798,78.254677,517.30,12,357.27
31/07/2025 06:38:20,17.725935,78.254677,516.30,12,357.38
31/07/2025 06:38:23,17.725990,78.254677,515.60,12,358.75
31/07/2025 06:38:27,17.726128,78.254684,516.70,12,359.82
31/07/2025 06:38:30,17.726294,78.254684,516.30,12,1.10
31/07/2025 06:38:33,17.726482,78.254684,517.00,12,358.94
31/07/2025 06:38:36,17.726671,78.254684,516.30,12,3.86
31/07/2025 06:38:39,17.726851,78.254692,515.50,12,4.94
31/07/2025 06:38:42,17.726971,78.254684,515.70,12,357.75
31/07/2025 06:38:45,17.726992,78.254684,516.70,12,357.00
31/07/2025 06:38:48,17.727015,78.254677,517.30,12,3.18
31/07/2025 06:38:51,17.727053,78.254677,517.20,12,357.63
31/07/2025 06:38:55,17.727062,78.254677,518.50,11,357.63
31/07/2025 06:38:58,17.727072,78.254677,518.60,12,359.50
31/07/2025 06:39:01,17.727091,78.254677,519.10,12,1.99
31/07/2025 06:39:04,17.727114,78.254669,519.80,12,0.02
31/07/2025 06:39:07,17.727152,78.254662,520.20,12,356.53
31/07/2025 06:39:10,17.727182,78.254662,520.50,12,356.21
31/07/2025 06:39:13,17.727217,78.254662,520.00,12,359.98
31/07/2025 06:39:16,17.727274,78.254677,519.60,12,15.66
31/07/2025 06:39:19,17.727327,78.254677,520.10,12,356.66
31/07/2025 06:39:23,17.727430,78.254654,520.20,12,354.09
31/07/2025 06:39:26,17.727514,78.254692,522.60,12,32.78
31/07/2025 06:39:29,17.727596,78.254776,525.80,12,58.27
31/07/2025 06:39:32,17.727648,78.254868,526.90,12,59.68
31/07/2025 06:39:38,17.727758,78.255074,530.50,12,61.41
31/07/2025 06:39:41,17.727844,78.255241,531.40,12,60.06
31/07/2025 06:39:44,17.727955,78.255455,531.30,12,59.92
31/07/2025 06:39:47,17.728092,78.255676,531.80,12,60.62
31/07/2025 06:39:51,17.728266,78.255997,532.20,12,62.57
31/07/2025 06:39:54,17.728390,78.256233,532.70,12,61.61
31/07/2025 06:39:57,17.728487,78.256432,532.20,12,64.41
31/07/2025 06:40:00,17.728563,78.256577,531.60,12,57.41
31/07/2025 06:40:03,17.728615,78.256660,530.80,12,58.52
31/07/2025 06:40:06,17.728697,78.256798,530.80,12,57.08
31/07/2025 06:40:09,17.728809,78.256958,530.60,12,57.42
31/07/2025 06:40:12,17.728930,78.257172,530.90,12,60.00
31/07/2025 06:40:15,17.729065,78.257401,531.90,12,58.53
31/07/2025 06:40:19,17.729256,78.257729,532.40,12,58.88
31/07/2025 06:40:22,17.729414,78.257996,532.30,12,59.54
31/07/2025 06:40:25,17.729576,78.258263,532.10,12,56.42
31/07/2025 06:40:28,17.729702,78.258476,531.90,12,58.45
31/07/2025 06:40:31,17.729767,78.258591,531.60,12,60.60
31/07/2025 06:40:34,17.729792,78.258644,531.30,12,61.97
31/07/2025 06:40:37,17.729851,78.258751,531.10,12,59.80
31/07/2025 06:40:40,17.729944,78.258919,531.30,12,59.19
31/07/2025 06:40:44,17.730099,78.259193,531.60,12,59.68
31/07/2025 06:40:47,17.730234,78.259445,531.30,12,62.04
31/07/2025 06:40:50,17.730373,78.259705,530.80,12,58.34
31/07/2025 06:40:53,17.730511,78.259941,530.70,12,59.05
31/07/2025 06:40:56,17.730659,78.260208,530.00,12,60.46
31/07/2025 06:40:59,17.730814,78.260483,529.60,12,59.87
31/07/2025 06:41:02,17.730976,78.260773,529.80,12,59.68
31/07/2025 06:41:05,17.731134,78.261055,529.90,12,59.62
31/07/2025 06:41:08,17.731291,78.261337,530.20,12,59.70
31/07/2025 06:41:12,17.731497,78.261719,531.00,12,61.24
31/07/2025 06:41:15,17.731651,78.262001,532.00,12,61.43
31/07/2025 06:41:18,17.731810,78.262299,531.80,12,58.56
31/07/2025 06:41:21,17.731991,78.262596,531.80,12,59.03
31/07/2025 06:41:24,17.732159,78.262886,532.10,12,60.63
31/07/2025 06:41:27,17.732317,78.263176,531.80,12,60.40
31/07/2025 06:41:30,17.732485,78.263481,532.30,12,60.13
31/07/2025 06:41:33,17.732660,78.263794,532.60,12,59.46
31/07/2025 06:41:36,17.732840,78.264130,533.40,12,60.41
31/07/2025 06:41:40,17.733074,78.264557,533.30,12,59.56
31/07/2025 06:41:43,17.733255,78.264885,533.50,12,61.51
31/07/2025 06:41:46,17.733438,78.265205,534.00,12,59.42
31/07/2025 06:41:52,17.733776,78.265816,535.50,12,60.74
31/07/2025 06:41:55,17.733942,78.266144,536.80,12,60.70
31/07/2025 06:41:58,17.734144,78.266487,537.80,12,57.15
31/07/2025 06:42:01,17.734360,78.266846,539.50,12,58.87
31/07/2025 06:42:04,17.734558,78.267197,540.70,12,59.49
31/07/2025 06:42:08,17.734804,78.267662,542.10,12,61.83
31/07/2025 06:42:11,17.734991,78.268005,543.40,12,59.64
31/07/2025 06:42:14,17.735182,78.268349,543.70,12,59.71
31/07/2025 06:42:17,17.735382,78.268700,543.80,12,59.22
31/07/2025 06:42:20,17.735582,78.269058,543.50,12,59.79
31/07/2025 06:42:23,17.735777,78.269409,543.60,12,59.54
31/07/2025 06:42:26,17.735968,78.269737,543.80,12,59.33
31/07/2025 06:42:29,17.736155,78.270081,544.00,12,60.82
31/07/2025 06:42:33,17.736391,78.270523,544.00,12,60.27
31/07/2025 06:42:36,17.736557,78.270821,544.00,12,59.48
31/07/2025 06:42:39,17.736725,78.271133,544.10,12,61.23
31/07/2025 06:42:42,17.736902,78.271461,544.10,12,59.96
31/07/2025 06:42:45,17.737085,78.271790,543.90,12,59.14
31/07/2025 06:42:48,17.737253,78.272079,543.90,12,58.92
31/07/2025 06:42:51,17.737411,78.272354,543.60,12,58.88
31/07/2025 06:42:54,17.737560,78.272629,543.20,12,60.79
31/07/2025 06:42:57,17.737730,78.272934,543.50,12,59.05
31/07/2025 06:43:01,17.737980,78.273369,544.40,12,58.62
31/07/2025 06:43:04,17.738159,78.273674,545.30,12,57.82
31/07/2025 06:43:07,17.738333,78.273979,545.40,12,60.84
31/07/2025 06:43:10,17.738504,78.274300,547.10,12,61.12
31/07/2025 06:43:13,17.738682,78.274612,547.70,12,59.64
31/07/2025 06:43:16,17.738848,78.274910,548.00,12,59.47
31/07/2025 06:43:19,17.739014,78.275208,548.80,12,59.45
31/07/2025 06:43:22,17.739178,78.275490,548.40,12,59.79
31/07/2025 06:43:25,17.739326,78.275749,548.20,12,57.53
31/07/2025 06:43:29,17.739519,78.276093,548.20,12,60.60
31/07/2025 06:43:32,17.739664,78.276352,548.40,12,59.54
31/07/2025 06:43:35,17.739796,78.276588,548.50,12,59.89
31/07/2025 06:43:38,17.739923,78.276825,548.40,12,61.94
31/07/2025 06:43:41,17.740036,78.277031,548.10,12,59.87
31/07/2025 06:43:44,17.740160,78.277245,547.50,12,59.79
31/07/2025 06:43:47,17.740295,78.277489,546.80,12,59.87
31/07/2025 06:43:50,17.740442,78.277748,546.60,12,59.75
31/07/2025 06:43:53,17.740599,78.278030,546.10,12,59.88
31/07/2025 06:43:57,17.740807,78.278404,545.90,12,60.25
31/07/2025 06:44:00,17.740963,78.278687,545.30,12,59.58
31/07/2025 06:44:03,17.741116,78.278954,545.20,12,59.05
31/07/2025 06:44:06,17.741255,78.279213,544.60,12,60.20
31/07/2025 06:44:09,17.741400,78.279472,544.30,12,59.16
31/07/2025 06:44:12,17.741547,78.279724,545.20,12,59.77
31/07/2025 06:44:15,17.741688,78.279976,545.30,12,59.45
31/07/2025 06:44:18,17.741821,78.280220,545.40,12,60.50
31/07/2025 06:44:22,17.742006,78.280540,546.10,12,59.77
31/07/2025 06:44:25,17.742130,78.280777,546.30,12,59.88
31/07/2025 06:44:28,17.742256,78.280991,547.30,12,56.38
31/07/2025 06:44:31,17.742344,78.281128,548.10,12,55.82
31/07/2025 06:44:34,17.742369,78.281166,548.80,12,60.25
31/07/2025 06:44:37,17.742384,78.281197,548.80,12,57.81
31/07/2025 06:44:40,17.742393,78.281227,548.60,12,67.62
31/07/2025 06:44:43,17.742420,78.281288,548.40,12,63.06
31/07/2025 06:44:46,17.742458,78.281372,548.50,12,61.50
31/07/2025 06:44:50,17.742506,78.281464,548.40,12,59.10
31/07/2025 06:44:53,17.742552,78.281540,548.20,12,53.20
31/07/2025 06:44:56,17.742611,78.281631,547.80,12,61.27
31/07/2025 06:44:59,17.742670,78.281769,547.80,12,64.72
31/07/2025 06:45:02,17.742756,78.281937,547.40,12,61.77
31/07/2025 06:45:05,17.742859,78.282127,547.10,12,60.22
31/07/2025 06:45:08,17.742966,78.282326,546.40,12,58.77
31/07/2025 06:45:11,17.743099,78.282555,545.70,12,60.21
31/07/2025 06:45:14,17.743237,78.282806,545.80,12,59.94
31/07/2025 06:45:18,17.743412,78.283119,546.00,12,60.34
31/07/2025 06:45:21,17.743574,78.283386,545.80,12,57.02
31/07/2025 06:45:24,17.743740,78.283676,546.00,12,60.00
31/07/2025 06:45:27,17.743895,78.283974,546.40,12,61.54
31/07/2025 06:45:30,17.744062,78.284286,546.30,12,60.72
31/07/2025 06:45:33,17.744236,78.284599,546.30,12,60.14
31/07/2025 06:45:36,17.744408,78.284904,546.30,12,60.61
31/07/2025 06:45:39,17.744576,78.285210,546.40,12,60.23
31/07/2025 06:45:42,17.744741,78.285507,546.40,12,60.83
31/07/2025 06:45:46,17.744944,78.285881,546.30,12,60.47
31/07/2025 06:45:49,17.745098,78.286163,546.20,12,59.69
31/07/2025 06:45:52,17.745260,78.286453,546.70,12,59.59
31/07/2025 06:45:55,17.745424,78.286751,546.60,12,60.96
31/07/2025 06:45:58,17.745584,78.287041,546.80,12,60.40
31/07/2025 06:46:01,17.745749,78.287346,547.90,12,60.50
31/07/2025 06:46:04,17.745918,78.287651,548.50,12,59.58
31/07/2025 06:46:07,17.746086,78.287956,548.60,12,60.25
31/07/2025 06:46:10,17.746246,78.288254,549.20,12,60.10
31/07/2025 06:46:14,17.746454,78.288635,549.50,12,61.54
31/07/2025 06:46:17,17.746609,78.288948,551.00,12,62.92
31/07/2025 06:46:20,17.746784,78.289268,551.70,12,58.06
31/07/2025 06:46:23,17.746977,78.289597,552.50,12,58.84
31/07/2025 06:46:26,17.747158,78.289917,553.30,12,60.02
31/07/2025 06:46:29,17.747328,78.290222,554.20,12,59.56
31/07/2025 06:46:32,17.747503,78.290520,554.50,12,59.23
31/07/2025 06:46:35,17.747679,78.290810,554.20,12,59.04
31/07/2025 06:46:39,17.747910,78.291229,554.00,12,60.19
31/07/2025 06:46:42,17.748083,78.291542,554.00,12,59.54
31/07/2025 06:46:45,17.748259,78.291847,553.20,12,59.56
31/07/2025 06:46:48,17.748425,78.292152,552.60,12,59.49
31/07/2025 06:46:51,17.748589,78.292458,552.30,12,61.01
31/07/2025 06:46:54,17.748753,78.292770,551.80,12,60.79
31/07/2025 06:46:57,17.748922,78.293083,551.30,12,59.66
31/07/2025 06:47:00,17.749096,78.293396,551.10,12,59.59
31/07/2025 06:47:03,17.749254,78.293694,551.30,12,61.14
31/07/2025 06:47:07,17.749460,78.294083,551.30,12,61.13
31/07/2025 06:47:10,17.749596,78.294403,551.40,12,70.65
31/07/2025 06:47:13,17.749668,78.294746,551.50,12,82.26
31/07/2025 06:47:16,17.749697,78.295097,551.60,12,87.02
31/07/2025 06:47:19,17.749720,78.295464,551.20,12,87.17
31/07/2025 06:47:22,17.749743,78.295830,551.10,12,86.56
31/07/2025 06:47:25,17.749767,78.296196,552.20,12,86.37
31/07/2025 06:47:28,17.749790,78.296570,553.30,12,86.83
31/07/2025 06:47:31,17.749813,78.296951,554.30,12,87.14
31/07/2025 06:47:35,17.749844,78.297455,555.30,12,86.84
31/07/2025 06:47:38,17.749872,78.297798,556.20,12,86.28
31/07/2025 06:47:41,17.749895,78.298134,557.30,12,85.99
31/07/2025 06:47:44,17.749920,78.298431,558.40,12,85.24
31/07/2025 06:47:47,17.749937,78.298622,559.00,12,88.18
31/07/2025 06:47:50,17.749945,78.298706,559.50,12,85.32
31/07/2025 06:47:53,17.749935,78.298752,559.60,12,119.83
31/07/2025 06:47:56,17.749903,78.298759,559.80,12,142.27
31/07/2025 06:47:59,17.749907,78.298759,559.60,12,142.04
31/07/2025 06:48:03,17.749924,78.298744,559.60,12,31.39
31/07/2025 06:48:06,17.749920,78.298744,560.10,12,272.93
31/07/2025 06:48:09,17.749893,78.298714,559.40,12,234.45
31/07/2025 06:48:12,17.749887,78.298637,558.90,12,268.46
31/07/2025 06:48:15,17.749882,78.298485,558.70,12,267.25
31/07/2025 06:48:18,17.749870,78.298309,557.80,12,266.65
31/07/2025 06:48:21,17.749859,78.298080,557.10,12,267.09
31/07/2025 06:48:24,17.749844,78.297813,556.50,12,266.38
31/07/2025 06:48:27,17.749828,78.297516,556.20,12,267.34
31/07/2025 06:48:31,17.749809,78.297073,556.00,12,266.75
31/07/2025 06:48:34,17.749788,78.296738,555.50,12,265.72
31/07/2025 06:48:37,17.749769,78.296402,555.20,12,267.49
31/07/2025 06:48:40,17.749750,78.296059,555.10,12,266.33
31/07/2025 06:48:43,17.749733,78.295700,555.00,12,267.65
31/07/2025 06:48:46,17.749716,78.295334,555.00,12,266.63
31/07/2025 06:48:49,17.749691,78.294983,554.50,12,265.79
31/07/2025 06:48:52,17.749651,78.294640,554.30,12,260.11
31/07/2025 06:48:56,17.749512,78.294189,554.40,12,245.49
31/07/2025 06:48:59,17.749340,78.293846,555.10,12,240.84
31/07/2025 06:49:02,17.749157,78.293503,555.40,12,241.35
31/07/2025 06:49:05,17.748962,78.293144,555.20,12,239.93
31/07/2025 06:49:08,17.748756,78.292770,555.50,12,239.94
31/07/2025 06:49:11,17.748560,78.292412,556.20,12,240.06
31/07/2025 06:49:14,17.748371,78.292068,556.70,12,239.22
31/07/2025 06:49:17,17.748186,78.291740,556.90,12,239.63
31/07/2025 06:49:20,17.748011,78.291428,557.50,12,241.05
31/07/2025 06:49:24,17.747778,78.290993,558.10,12,239.58
31/07/2025 06:49:27,17.747591,78.290665,558.00,12,239.41
31/07/2025 06:49:30,17.747402,78.290329,557.20,12,239.25
31/07/2025 06:49:33,17.747225,78.290009,556.20,12,240.59
31/07/2025 06:49:36,17.747049,78.289688,555.40,12,240.39
31/07/2025 06:49:39,17.746868,78.289360,554.50,12,240.04
31/07/2025 06:49:42,17.746681,78.289024,553.80,12,238.87
31/07/2025 06:49:45,17.746498,78.288704,552.90,12,240.35
31/07/2025 06:49:48,17.746313,78.288376,551.90,12,239.71
31/07/2025 06:49:52,17.746056,78.287949,551.30,12,237.90
31/07/2025 06:49:55,17.745878,78.287628,549.10,12,241.10
31/07/2025 06:49:58,17.745697,78.287300,548.40,12,240.34
31/07/2025 06:50:01,17.745518,78.286964,548.00,12,240.43
31/07/2025 06:50:04,17.745344,78.286636,548.00,12,241.20
31/07/2025 06:50:07,17.745167,78.286316,547.90,12,239.45
31/07/2025 06:50:10,17.744995,78.285995,546.90,12,241.63
31/07/2025 06:50:13,17.744835,78.285706,546.70,12,240.66
31/07/2025 06:50:16,17.744680,78.285400,545.60,12,241.64
31/07/2025 06:50:20,17.744469,78.285004,545.60,12,240.77
31/07/2025 06:50:23,17.744322,78.284744,545.00,12,240.94
31/07/2025 06:50:26,17.744196,78.284515,545.70,12,238.14
31/07/2025 06:50:29,17.744057,78.284279,545.90,12,240.47
31/07/2025 06:50:32,17.743914,78.284035,545.60,12,239.11
31/07/2025 06:50:35,17.743771,78.283783,545.70,12,240.71
31/07/2025 06:50:38,17.743633,78.283531,545.90,12,240.57
31/07/2025 06:50:41,17.743496,78.283279,546.10,12,238.94
31/07/2025 06:50:45,17.743309,78.282944,546.50,12,240.36
31/07/2025 06:50:48,17.743176,78.282692,546.60,12,240.19
31/07/2025 06:50:51,17.743059,78.282486,547.50,12,238.19
31/07/2025 06:50:54,17.742971,78.282326,549.00,12,238.58
31/07/2025 06:50:57,17.742880,78.282150,550.40,12,239.47
31/07/2025 06:51:00,17.742783,78.281975,551.50,12,240.37
31/07/2025 06:51:03,17.742702,78.281830,551.90,12,239.32
31/07/2025 06:51:06,17.742661,78.281746,552.90,12,238.65
31/07/2025 06:51:09,17.742645,78.281715,553.90,12,244.43
31/07/2025 06:51:13,17.742640,78.281677,554.60,12,240.21
31/07/2025 06:51:16,17.742586,78.281631,552.50,12,233.63
31/07/2025 06:51:19,17.742558,78.281616,550.90,12,235.35
31/07/2025 06:51:22,17.742535,78.281586,550.60,12,237.12
31/07/2025 06:51:25,17.742500,78.281517,550.90,12,241.63
31/07/2025 06:51:28,17.742445,78.281410,550.40,12,242.60
31/07/2025 06:51:31,17.742376,78.281265,550.00,12,243.26
31/07/2025 06:51:34,17.742283,78.281097,550.00,11,239.37
31/07/2025 06:51:37,17.742176,78.280899,550.20,11,241.70
31/07/2025 06:51:41,17.742031,78.280624,550.20,12,239.78
31/07/2025 06:51:44,17.741911,78.280411,550.20,12,239.65
31/07/2025 06:51:47,17.741785,78.280190,550.10,12,237.49
31/07/2025 06:51:50,17.741661,78.279968,549.60,12,238.83
31/07/2025 06:51:53,17.741547,78.279739,550.30,12,241.93
31/07/2025 06:51:56,17.741425,78.279510,551.30,12,240.22
31/07/2025 06:51:59,17.741301,78.279289,551.50,12,239.65
31/07/2025 06:52:02,17.741182,78.279083,551.50,12,239.38
31/07/2025 06:52:05,17.741051,78.278847,551.70,12,240.30
31/07/2025 06:52:09,17.740864,78.278519,552.10,12,240.24
31/07/2025 06:52:12,17.740732,78.278267,553.10,12,241.30
31/07/2025 06:52:15,17.740597,78.278015,553.80,12,239.16
31/07/2025 06:52:18,17.740456,78.277756,554.30,12,240.26
31/07/2025 06:52:21,17.740316,78.277504,554.70,12,239.22
31/07/2025 06:52:24,17.740181,78.277260,555.40,12,239.76
31/07/2025 06:52:27,17.740046,78.277016,556.10,11,239.99
31/07/2025 06:52:30,17.739906,78.276756,556.20,11,239.97
31/07/2025 06:52:34,17.739708,78.276398,556.60,12,240.11
31/07/2025 06:52:37,17.739565,78.276138,557.00,12,241.05
31/07/2025 06:52:40,17.739414,78.275864,557.70,12,240.14
31/07/2025 06:52:43,17.739262,78.275597,557.80,12,240.14
31/07/2025 06:52:46,17.739107,78.275322,556.70,12,241.41
31/07/2025 06:52:49,17.738951,78.275055,554.90,12,240.69
31/07/2025 06:52:52,17.738802,78.274780,553.90,11,240.75
31/07/2025 06:52:55,17.738682,78.274567,553.80,12,238.39
31/07/2025 06:52:58,17.738585,78.274414,553.20,12,239.49
31/07/2025 06:53:02,17.738468,78.274162,554.60,12,242.25
31/07/2025 06:53:05,17.738342,78.273933,555.70,12,238.77
31/07/2025 06:53:08,17.738199,78.273689,555.80,12,237.97
31/07/2025 06:53:11,17.738043,78.273437,555.20,12,238.14
31/07/2025 06:53:14,17.737900,78.273186,554.60,12,239.32
31/07/2025 06:53:17,17.737745,78.272919,553.40,12,239.41
31/07/2025 06:53:20,17.737585,78.272644,552.80,12,238.85
31/07/2025 06:53:23,17.737427,78.272369,552.30,12,240.56
31/07/2025 06:53:26,17.737278,78.272102,551.80,12,240.61
31/07/2025 06:53:30,17.737103,78.271782,551.40,12,240.40
31/07/2025 06:53:33,17.736979,78.271561,551.10,12,239.82
31/07/2025 06:53:36,17.736885,78.271385,550.70,12,239.98
31/07/2025 06:53:39,17.736811,78.271248,550.60,12,241.92
31/07/2025 06:53:42,17.736710,78.271057,550.40,12,238.32
31/07/2025 06:53:45,17.736591,78.270859,549.90,12,238.61
31/07/2025 06:53:48,17.736460,78.270630,549.50,12,239.83
31/07/2025 06:53:51,17.736328,78.270401,549.20,12,240.23
31/07/2025 06:53:54,17.736183,78.270142,548.80,12,240.09
31/07/2025 06:53:58,17.735989,78.269806,548.00,12,239.72
31/07/2025 06:54:01,17.735847,78.269554,547.10,12,240.42
31/07/2025 06:54:04,17.735704,78.269295,546.70,12,241.56
31/07/2025 06:54:07,17.735561,78.269020,546.40,12,240.57
31/07/2025 06:54:10,17.735411,78.268738,546.50,12,241.85
31/07/2025 06:54:13,17.735250,78.268433,546.10,12,239.99
31/07/2025 06:54:16,17.735075,78.268135,545.40,12,238.58
31/07/2025 06:54:19,17.734901,78.267838,545.00,12,238.53
31/07/2025 06:54:22,17.734728,78.267525,544.00,12,239.97
31/07/2025 06:54:26,17.734495,78.267097,542.70,12,240.71
31/07/2025 06:54:29,17.734314,78.266769,541.20,12,240.60
31/07/2025 06:54:32,17.734131,78.266441,540.00,12,239.38
31/07/2025 06:54:35,17.733953,78.266129,538.90,12,239.22
31/07/2025 06:54:38,17.733780,78.265816,537.90,12,239.74
31/07/2025 06:54:41,17.733606,78.265511,536.80,12,239.40
31/07/2025 06:54:44,17.733437,78.265198,535.60,12,240.33
31/07/2025 06:54:47,17.733265,78.264885,536.10,12,240.54
31/07/2025 06:54:51,17.733042,78.264481,536.40,12,239.15
31/07/2025 06:54:54,17.732878,78.264183,536.70,12,240.15
31/07/2025 06:54:57,17.732710,78.263885,536.70,12,239.90
31/07/2025 06:55:00,17.732546,78.263580,537.40,12,239.53
31/07/2025 06:55:03,17.732376,78.263275,536.60,12,240.34
31/07/2025 06:55:06,17.732212,78.262985,536.30,12,240.23
31/07/2025 06:55:09,17.732050,78.262672,536.50,12,240.91
31/07/2025 06:55:12,17.731876,78.262360,537.00,12,239.52
31/07/2025 06:55:15,17.731699,78.262054,536.70,12,239.69
31/07/2025 06:55:19,17.731459,78.261627,536.10,12,239.16
31/07/2025 06:55:22,17.731276,78.261314,535.40,12,239.93
31/07/2025 06:55:25,17.731098,78.260994,535.40,12,240.17
31/07/2025 06:55:28,17.730930,78.260681,535.30,12,239.72
31/07/2025 06:55:31,17.730757,78.260376,535.20,12,238.79
31/07/2025 06:55:34,17.730598,78.260086,536.30,12,241.22
31/07/2025 06:55:37,17.730457,78.259804,537.80,12,243.34
31/07/2025 06:55:40,17.730307,78.259537,538.40,12,238.91
31/07/2025 06:55:43,17.730143,78.259254,538.20,12,238.72
31/07/2025 06:55:47,17.729940,78.258904,538.00,12,238.82
31/07/2025 06:55:50,17.729841,78.258720,537.30,12,239.54
31/07/2025 06:55:53,17.729795,78.258636,537.80,12,241.36
31/07/2025 06:55:56,17.729765,78.258575,538.50,12,242.05
31/07/2025 06:55:59,17.729700,78.258469,538.70,12,237.33
31/07/2025 06:56:02,17.729618,78.258377,537.40,12,225.23
31/07/2025 06:56:05,17.729553,78.258347,538.20,12,196.27
31/07/2025 06:56:08,17.729509,78.258347,537.80,12,177.38
31/07/2025 06:56:11,17.729477,78.258347,537.80,12,175.00
31/07/2025 06:56:15,17.729467,78.258347,537.80,12,175.95
31/07/2025 06:56:18,17.729456,78.258339,538.70,12,175.95
31/07/2025 06:56:21,17.729433,78.258339,539.10,12,176.51
31/07/2025 06:56:24,17.729418,78.258339,539.30,12,176.51
31/07/2025 06:56:27,17.729395,78.258347,539.90,12,172.01
31/07/2025 06:56:30,17.729334,78.258347,541.20,12,172.68
31/07/2025 06:56:33,17.729231,78.258354,542.20,11,172.75
31/07/2025 06:56:36,17.729092,78.258377,543.70,12,169.70
31/07/2025 06:56:40,17.728916,78.258408,545.20,12,178.18
31/07/2025 06:56:43,17.728704,78.258408,544.10,12,177.12
31/07/2025 06:56:46,17.728525,78.258430,546.40,12,173.30
31/07/2025 06:56:49,17.728333,78.258438,549.70,12,177.21
31/07/2025 06:56:52,17.728132,78.258446,550.70,12,175.77
31/07/2025 06:56:55,17.727917,78.258453,552.40,12,176.22
31/07/2025 06:56:58,17.727737,78.258453,554.80,12,178.96
31/07/2025 06:57:01,17.727562,78.258453,554.00,12,179.42
31/07/2025 06:57:04,17.727417,78.258438,554.70,12,183.56
31/07/2025 06:57:08,17.727324,78.258446,551.90,12,179.04
31/07/2025 06:57:11,17.727215,78.258446,538.20,11,211.28
31/07/2025 06:57:14,17.727152,78.258369,538.30,12,258.33
31/07/2025 06:57:17,17.727112,78.258263,538.40,12,256.98
31/07/2025 06:57:20,17.727060,78.258110,535.40,12,266.40
31/07/2025 06:57:23,17.727039,78.257950,535.00,12,268.43
31/07/2025 06:57:26,17.727018,78.257782,535.20,12,267.77
31/07/2025 06:57:29,17.726999,78.257645,535.00,12,262.82
31/07/2025 06:57:32,17.726988,78.257545,535.50,12,263.87
31/07/2025 06:57:36,17.726978,78.257378,535.10,12,268.65
31/07/2025 06:57:39,17.726957,78.257225,532.70,12,262.52
31/07/2025 06:57:42,17.726936,78.257065,529.80,12,263.57
31/07/2025 06:57:45,17.726915,78.256920,529.50,12,260.12
31/07/2025 06:57:48,17.726864,78.256836,528.00,12,226.74
31/07/2025 06:57:51,17.726753,78.256813,527.70,11,179.03
31/07/2025 06:57:54,17.726639,78.256828,525.10,11,172.94
31/07/2025 06:57:57,17.726599,78.256828,524.80,11,175.98
31/07/2025 06:58:00,17.726549,78.256828,526.10,12,177.73
31/07/2025 06:58:04,17.726427,78.256828,529.00,12,180.92
